,date,price,position,capital,unrealized_pnl,growth_rate,signal,zone,returns
0,2022-01-03,4796.56005859375,0.25,100000.0,0.0,-0.15997451211332162,Strong Buy,Extreme_Bear,
1,2022-01-04,4793.5400390625,0.25,99984.25945107349,-15.740548926512776,-0.15919860548793682,Strong Buy,Extreme_Bear,-0.00015740548926512776
2,2022-01-05,4700.580078125,0.25,99499.74575895914,-500.254241040865,-0.15842269886255206,Strong Buy,Extreme_Bear,-0.004845899692355604
3,2022-01-06,4696.0498046875,0.25,99476.13366309168,-523.8663369083157,-0.1576467922371673,Strong Buy,Extreme_Bear,-0.0002373081025217605
4,2022-01-07,4677.02978515625,0.0,99377.00001679671,-622.9999832032956,-0.15687088561178253,Strong Buy,Extreme_Bear,-0.000996557090072625
5,2022-01-10,4670.2900390625,0.25,99377.00001679671,-622.9999832032956,-0.15609497898639776,Strong Buy,Extreme_Bear,0.0
6,2022-01-11,4713.06982421875,0.25,100228.99961671779,228.99961671779545,-0.15531907236101297,Strong Buy,Extreme_Bear,0.00857340833167708
7,2022-01-12,4726.35009765625,0.25,100300.08874248099,300.0887424809862,-0.1545431657356282,Strong Buy,Extreme_Bear,0.0007092670388315625
8,2022-01-13,4659.02978515625,0.25,99939.72401172054,-60.275988279467896,-0.15376725911024344,Strong Buy,Extreme_Bear,-0.0035928655226385997
9,2022-01-14,4662.85009765625,0.25,99960.17409334311,-39.82590665687902,-0.15299135248485868,Strong Buy,Extreme_Bear,0.00020462415545763335
10,2022-01-18,4577.10986328125,0.25,99501.20776760177,-498.79223239824023,-0.1522154458594739,Strong Buy,Extreme_Bear,-0.004591491860676089
11,2022-01-19,4532.759765625,0.0,99263.80228911272,-736.1977108872846,-0.15143953923408915,Strong Buy,Extreme_Bear,-0.0023859557468240977
12,2022-01-20,4482.72998046875,0.25,99263.80228911272,-736.1977108872846,-0.15066363260870438,Strong Buy,Extreme_Bear,0.0
13,2022-01-21,4397.93994140625,0.25,99527.12945330229,-472.8705466977151,-0.14988772598331962,Strong Buy,Extreme_Bear,0.002652801505856228
14,2022-01-24,4410.1298828125,0.25,99595.11225317737,-404.8877468226325,-0.14911181935793485,Strong Buy,Extreme_Bear,0.0006830579787491242
15,2022-01-25,4356.4501953125,0.0,99295.74285253377,-704.2571474662251,-0.1483359127325501,Strong Buy,Extreme_Bear,-0.0030058643830088716
16,2022-01-26,4349.93017578125,0.25,99295.74285253377,-704.2571474662251,-0.14756000610716533,Strong Buy,Extreme_Bear,0.0
17,2022-01-27,4326.509765625,0.25,99865.39778105724,-134.60221894276424,-0.14678409948178053,Strong Buy,Extreme_Bear,0.005736952181016219
18,2022-01-28,4431.85009765625,0.25,100470.81170596197,470.8117059619654,-0.14600819285639577,Strong Buy,Extreme_Bear,0.006062299238341007
19,2022-01-31,4515.5498046875,0.25,100951.85222643548,951.852226435479,-0.145232286231011,Strong Buy,Extreme_Bear,0.004787863383460378
20,2022-02-01,4546.5400390625,0.25,101129.95988059705,1129.9598805970422,-0.14445637960562624,Strong Buy,Extreme_Bear,0.001764283172953185
21,2022-02-02,4589.3798828125,0.25,101376.16983121025,1376.1698312102499,-0.14368047298024147,Strong Buy,Extreme_Bear,0.0024345896201669603
22,2022-02-03,4477.43994140625,0.25,100732.8265079686,732.8265079685981,-0.14290456635485668,Strong Buy,Extreme_Bear,-0.006346100117145981
23,2022-02-04,4500.52978515625,0.25,100865.52888948357,865.5288894835688,-0.14212865972947192,Strong Buy,Extreme_Bear,0.0013173697801924789
24,2022-02-07,4483.8701171875,0.25,100769.78213438905,769.7821343890577,-0.14135275310408715,Strong Buy,Extreme_Bear,-0.0009492515049360772
25,2022-02-08,4521.5400390625,0.25,100986.27941338408,986.2794133840836,-0.1405768464787024,Strong Buy,Extreme_Bear,0.002148434524809284
26,2022-02-09,4587.18017578125,0.25,101363.52763385099,1363.5276338509861,-0.13980093985331762,Strong Buy,Extreme_Bear,0.003735638372443173
27,2022-02-10,4504.080078125,0.25,100885.93319958328,885.9331995832831,-0.13902503322793283,Strong Buy,Extreme_Bear,-0.004711699024454785
28,2022-02-11,4418.64013671875,0.25,100394.89117158737,394.8911715873693,-0.13824912660254807,Strong Buy,Extreme_Bear,-0.004867299259892599
29,2022-02-14,4401.669921875,0.25,100297.3596356892,297.35963568919277,-0.1374732199771633,Strong Buy,Extreme_Bear,-0.0009714790738851731
30,2022-02-15,4471.06982421875,0.25,100696.21605142055,696.2160514205451,-0.13669731335177854,Strong Buy,Extreme_Bear,0.0039767389408866816
31,2022-02-16,4475.009765625,0.25,100718.85975630222,718.8597563022148,-0.13592140672639377,Strong Buy,Extreme_Bear,0.00022487145763361305
32,2022-02-17,4380.259765625,0.25,100174.3107855651,174.31078556509604,-0.135145500101009,Strong Buy,Extreme_Bear,-0.005406623665664023
33,2022-02-18,4348.8701171875,0.25,99993.90761143908,-6.092388560924311,-0.13436959347562422,Strong Buy,Extreme_Bear,-0.0018008925912372797
34,2022-02-22,4304.759765625,0.25,99740.39577458196,-259.60422541803916,-0.13359368685023945,Strong Buy,Extreme_Bear,-0.0025352728272428626
35,2022-02-23,4225.5,0.0,99284.87256833438,-715.127431665627,-0.13281778022485471,Strong Buy,Extreme_Bear,-0.0045670884169849435
36,2022-02-24,4288.7001953125,0.25,99284.87256833438,-715.127431665627,-0.13204187359946995,Strong Buy,Extreme_Bear,0.0
37,2022-02-25,4384.64990234375,0.25,100559.31694139009,559.3169413900866,-0.13126596697408519,Strong Buy,Extreme_Bear,0.01283623919825816
38,2022-02-28,4373.93994140625,0.25,100496.88566588845,496.8856658884413,-0.1304900603487004,Strong Buy,Extreme_Bear,-0.0006208402900949039
39,2022-03-01,4306.259765625,0.25,100102.35951169828,102.35951169828006,-0.12971415372331563,Strong Buy,Extreme_Bear,-0.003925755027890276
40,2022-03-02,4386.5400390625,0.25,100570.33506245632,570.335062456323,-0.12893824709793086,Strong Buy,Extreme_Bear,0.004674970230880149
41,2022-03-03,4363.490234375,0.25,100435.97148119753,435.9714811975224,-0.1281623404725461,Strong Buy,Extreme_Bear,-0.001336016044645283
42,2022-03-04,4328.8701171875,0.25,100234.16140115661,234.16140115660733,-0.12738643384716133,Strong Buy,Extreme_Bear,-0.0020093406482227794
43,2022-03-07,4201.08984375,0.25,99489.29543001014,-510.70456998986157,-0.12661052722177654,Strong Buy,Extreme_Bear,-0.00743125857226834
44,2022-03-08,4170.7001953125,0.0,99312.14590303507,-687.8540969649293,-0.12583462059639178,Strong Buy,Extreme_Bear,-0.0017805888182180762
45,2022-03-09,4277.8798828125,0.25,99312.14590303507,-687.8540969649293,-0.125058713971007,Strong Buy,Extreme_Bear,0.0
46,2022-03-10,4259.52001953125,0.25,99892.7046587083,-107.2953412916966,-0.12428280734562225,Strong Buy,Extreme_Bear,0.005845798118591317
47,2022-03-11,4204.31005859375,0.25,99570.05674402912,-429.94325597088266,-0.12350690072023747,Strong Buy,Extreme_Bear,-0.0032299447270102144
48,2022-03-14,4173.10986328125,0.0,99387.7222923428,-612.2777076571912,-0.1227309940948527,Strong Buy,Extreme_Bear,-0.0018312177139263586
49,2022-03-15,4262.4501953125,0.25,99387.7222923428,-612.2777076571912,-0.12195508746946794,Strong Buy,Extreme_Bear,0.0
50,2022-03-16,4357.85986328125,0.25,100559.59403392955,559.5940339295557,-0.12117918084408316,Strong Buy,Extreme_Bear,0.011790910532588184
51,2022-03-17,4411.669921875,0.25,100875.19923826089,875.199238260893,-0.1204032742186984,Strong Buy,Extreme_Bear,0.003138489244744358
52,2022-03-18,4463.1201171875,0.25,101176.96344050941,1176.9634405094098,-0.11962736759331365,Strong Buy,Extreme_Bear,0.00299146078052126
53,2022-03-21,4461.18017578125,0.25,101165.58535210158,1165.5853521015779,-0.11885146096792887,Strong Buy,Extreme_Bear,-0.00011245730273889976
54,2022-03-22,4511.60986328125,0.25,101461.36410134925,1461.364101349244,-0.1180755543425441,Strong Buy,Extreme_Bear,0.0029237091666916015
55,2022-03-23,4456.240234375,0.25,101136.61175018312,1136.611750183114,-0.11729964771715932,Strong Buy,Extreme_Bear,-0.0032007489160280622
56,2022-03-24,4520.16015625,0.25,101511.5130331664,1511.513033166395,-0.11652374109177456,Strong Buy,Extreme_Bear,0.0037068799962305388
57,2022-03-25,4543.06005859375,0.25,101645.82488019357,1645.8248801935692,-0.1157478344663898,Strong Buy,Extreme_Bear,0.001323119348869195
58,2022-03-28,4575.52001953125,0.25,101836.20810727031,1836.2081072703152,-0.11497192784100503,Strong Buy,Extreme_Bear,0.0018730058740843436
59,2022-03-29,4631.60009765625,0.25,102165.12736471216,2165.1273647121493,-0.11419602121562027,Strong Buy,Extreme_Bear,0.0032298851612322377
60,2022-03-30,4602.4501953125,0.25,101994.15819787118,1994.1581978711708,-0.11342011459023549,Strong Buy,Extreme_Bear,-0.0016734591464918624
61,2022-03-31,4530.41015625,0.25,101571.63103766105,1571.631037661042,-0.11264420796485072,Strong Buy,Extreme_Bear,-0.004142660400122233
62,2022-04-01,4545.85986328125,0.25,101662.24621392891,1662.2462139289084,-0.11186830133946596,Strong Buy,Extreme_Bear,0.0008921307587772542
63,2022-04-04,4582.64013671875,0.25,101877.96881332695,1877.9688133269524,-0.11109239471408118,Strong Buy,Extreme_Bear,0.0021219538956880335
64,2022-04-05,4525.1201171875,0.25,101540.60405306239,1540.6040530623889,-0.11031648808869642,Strong Buy,Extreme_Bear,-0.003311459427334351
65,2022-04-06,4481.14990234375,0.25,101282.71121661291,1282.711216612914,-0.10954058146331165,Strong Buy,Extreme_Bear,-0.0025398001011960325
66,2022-04-07,4500.2099609375,0.25,101394.50172277947,1394.5017227794788,-0.10876467483792687,Strong Buy,Extreme_Bear,0.0011037471728760906
67,2022-04-08,4488.27978515625,0.25,101324.52919973175,1324.529199731761,-0.10798876821254211,Strong Buy,Extreme_Bear,-0.0006901017496888651
68,2022-04-11,4412.52978515625,0.25,100880.2424835884,880.242483588406,-0.10721286158715734,Strong Buy,Extreme_Bear,-0.0043847893461964604
69,2022-04-12,4397.4501953125,0.25,100791.79810797826,791.7981079782588,-0.10643695496177256,Strong Buy,Extreme_Bear,-0.0008767264375333372
70,2022-04-13,4446.58984375,0.25,101080.01055730811,1080.0105573081087,-0.1056610483363878,Strong Buy,Extreme_Bear,0.002859483159741716
71,2022-04-14,4392.58984375,0.25,100763.29131411681,763.2913141168041,-0.10488514171100302,Strong Buy,Extreme_Bear,-0.0031333519005890542
72,2022-04-18,4391.68994140625,0.25,100758.01323283424,758.0132328342371,-0.10410923508561826,Strong Buy,Extreme_Bear,-5.2380993253886565e-05
73,2022-04-19,4462.2099609375,0.25,101171.62521831153,1171.6252183115228,-0.10333332846023349,Strong Buy,Extreme_Bear,0.004105003385899364
74,2022-04-20,4459.4501953125,0.25,101155.43872053124,1155.4387205312378,-0.10255742183484871,Strong Buy,Extreme_Bear,-0.00015999048888815093
75,2022-04-21,4393.66015625,0.25,100769.56888013492,769.5688801349188,-0.10178151520946396,Strong Buy,Extreme_Bear,-0.0038146227753743656
76,2022-04-22,4271.77978515625,0.25,100054.71964138144,54.71964138143992,-0.10100560858407918,Strong Buy,Extreme_Bear,-0.007093899941199355
77,2022-04-25,4296.1201171875,0.25,100197.47985508444,197.4798550844481,-0.10022970195869442,Strong Buy,Extreme_Bear,0.0014268213854846667
78,2022-04-26,4175.2001953125,0.25,99488.26381539923,-511.736184600764,-0.09945379533330966,Strong Buy,Extreme_Bear,-0.007078182412481371
79,2022-04-27,4183.9599609375,0.25,99539.64134020077,-460.3586597992232,-0.09867788870792488,Strong Buy,Extreme_Bear,0.0005164179455063866
80,2022-04-28,4287.5,0.25,100146.9213922725,146.92139227249768,-0.09790198208254011,Strong Buy,Extreme_Bear,0.006100886479952328
81,2022-04-29,4131.93017578125,0.0,99234.47774431015,-765.5222556898461,-0.09712607545715536,Strong Buy,Extreme_Bear,-0.009111050397528797
82,2022-05-02,4155.3798828125,0.25,99234.47774431015,-765.5222556898461,-0.09635016883177058,Strong Buy,Extreme_Bear,0.0
83,2022-05-03,4175.47998046875,0.25,100120.92815953716,120.92815953715919,-0.09557426220638582,Strong Buy,Extreme_Bear,0.00893288739334186
84,2022-05-04,4300.169921875,0.25,100871.09989426828,871.0998942682791,-0.09479835558100104,Strong Buy,Extreme_Bear,0.007492656615565529
85,2022-05-05,4146.8701171875,0.25,99948.8027216224,-51.19727837759325,-0.09402244895561628,Strong Buy,Extreme_Bear,-0.009143324238683026
86,2022-05-06,4123.33984375,0.25,99807.23760542914,-192.76239457085563,-0.09324654233023151,Strong Buy,Extreme_Bear,-0.0014163763080539127
87,2022-05-09,3991.239990234375,0.0,99012.48563785323,-987.5143621467741,-0.09247063570484673,Strong Buy,Extreme_Bear,-0.007962869092899116
88,2022-05-10,4001.050048828125,0.25,99012.48563785323,-987.5143621467741,-0.09169472907946197,Strong Buy,Extreme_Bear,0.0
89,2022-05-11,3935.179931640625,0.25,99588.41981240154,-411.58018759845925,-0.0909188224540772,Strong Buy,Extreme_Bear,0.005816783316145102
90,2022-05-12,3930.080078125,0.25,99556.5540930692,-443.44590693080335,-0.09014291582869242,Strong Buy,Extreme_Bear,-0.00031997414350359854
91,2022-05-13,4023.889892578125,0.25,100142.71155991094,142.71155991094076,-0.08936700920330766,Strong Buy,Extreme_Bear,0.0058876833592873545
92,2022-05-16,4008.010009765625,0.25,100043.48833963936,43.488339639358166,-0.08859110257792288,Strong Buy,Extreme_Bear,-0.0009908181906200797
93,2022-05-17,4088.85009765625,0.25,100548.60628932797,548.6062893279798,-0.08781519595253813,Strong Buy,Extreme_Bear,0.0050489837776726
94,2022-05-18,3923.679931640625,0.25,99516.56367551463,-483.4363244853757,-0.08703928932715337,Strong Buy,Extreme_Bear,-0.010264116549200564
95,2022-05-19,3900.7900390625,0.0,99373.53939252153,-626.4606074784684,-0.08626338270176859,Strong Buy,Extreme_Bear,-0.0014371907319814525
96,2022-05-20,3901.360107421875,0.25,99373.53939252153,-626.4606074784684,-0.08548747607638381,Strong Buy,Extreme_Bear,0.0
97,2022-05-23,3973.75,0.25,100463.87599827308,463.8759982730889,-0.08471156945099906,Strong Buy,Extreme_Bear,0.010972101954070057
98,2022-05-24,3941.47998046875,0.25,100257.08901474226,257.08901474226775,-0.08393566282561428,Strong Buy,Extreme_Bear,-0.002058321774628502
99,2022-05-25,3978.72998046875,0.25,100495.78782089154,495.7878208915412,-0.08315975620022951,Strong Buy,Extreme_Bear,0.00238086711368779
100,2022-05-26,4057.840087890625,0.25,101002.72710131953,1002.7271013195227,-0.08238384957484474,Strong Buy,Extreme_Bear,0.005044383365912619
101,2022-05-27,4158.240234375,0.25,101646.09341281033,1646.0934128103233,-0.08160794294945997,Strong Buy,Extreme_Bear,0.006369791489346799
102,2022-05-31,4132.14990234375,0.25,101478.90600051777,1478.9060005177712,-0.08083203632407521,Strong Buy,Extreme_Bear,-0.0016447991917757365
103,2022-06-01,4101.22998046875,0.25,101280.77047198647,1280.7704719864644,-0.08005612969869043,Strong Buy,Extreme_Bear,-0.0019524799422876438
104,2022-06-02,4176.81982421875,0.25,101765.15182662096,1765.1518266209644,-0.07928022307330568,Strong Buy,Extreme_Bear,0.004782559930944341
105,2022-06-03,4108.5400390625,0.25,101327.61348565652,1327.6134856565147,-0.0785043164479209,Strong Buy,Extreme_Bear,-0.004299490868051592
106,2022-06-06,4121.43017578125,0.25,101410.21376071333,1410.2137607133302,-0.07772840982253613,Strong Buy,Extreme_Bear,0.0008151803068816577
107,2022-06-07,4160.68017578125,0.25,101661.72861014579,1661.7286101457908,-0.07695250319715137,Strong Buy,Extreme_Bear,0.002480172756818444
108,2022-06-08,4115.77001953125,0.25,101373.94335696855,1373.9433569685434,-0.07617659657176659,Strong Buy,Extreme_Bear,-0.0028308121169259293
109,2022-06-09,4017.820068359375,0.25,100746.27795006636,746.2779500663652,-0.07540068994638184,Strong Buy,Extreme_Bear,-0.006191585195536753
110,2022-06-10,3900.860107421875,0.25,99996.7959891792,-3.2040108207953555,-0.07462478332099706,Strong Buy,Extreme_Bear,-0.007439301740344573
111,2022-06-13,3749.6298828125,0.0,99027.70943701963,-972.2905629803713,-0.07384887669561227,Strong Buy,Extreme_Bear,-0.009691176027924242
112,2022-06-14,3735.47998046875,0.25,99027.70943701963,-972.2905629803713,-0.07307297007022752,Strong Buy,Extreme_Bear,0.0
113,2022-06-15,3789.989990234375,0.25,100364.81262147459,364.8126214745806,-0.07229706344484275,Strong Buy,Extreme_Bear,0.013502313565127322
114,2022-06-16,3666.77001953125,0.25,99540.15306401884,-459.8469359811563,-0.07152115681945798,Strong Buy,Extreme_Bear,-0.008216620306620293
115,2022-06-17,3674.840087890625,0.25,99594.16264512736,-405.8373548726374,-0.07074525019407321,Strong Buy,Extreme_Bear,0.0005425908987077843
116,2022-06-21,3764.7900390625,0.25,100196.15992286801,196.1599228680111,-0.06996934356868845,Strong Buy,Extreme_Bear,0.006044503631057907
117,2022-06-22,3759.889892578125,0.25,100163.36529868319,163.3652986831935,-0.06919343694330367,Strong Buy,Extreme_Bear,-0.00032730420217774725
118,2022-06-23,3795.72998046875,0.25,100403.2279674568,403.227967456804,-0.06841753031791892,Strong Buy,Extreme_Bear,0.00239471455515039
119,2022-06-24,3911.739990234375,0.25,101179.6342818541,1179.6342818541027,-0.06764162369253415,Strong Buy,Extreme_Bear,0.007732882001054264
120,2022-06-27,3900.110107421875,0.25,101101.80035640605,1101.8003564060464,-0.06686571706714937,Strong Buy,Extreme_Bear,-0.0007692647438439781
121,2022-06-28,3821.550048828125,0.25,100576.03085018123,576.0308501812306,-0.0660898104417646,Strong Buy,Extreme_Bear,-0.005200397068809592
122,2022-06-29,3818.830078125,0.25,100557.8272276391,557.8272276391017,-0.06531390381637983,Strong Buy,Extreme_Bear,-0.00018099364618229252
123,2022-06-30,3785.3798828125,0.25,100333.95910702678,333.9591070267767,-0.06453799719099505,Strong Buy,Extreme_Bear,-0.0022262625076966414
124,2022-07-01,3825.330078125,0.25,100601.32900006183,601.3290000618288,-0.06376209056561029,Strong Buy,Extreme_Bear,0.00266479958943755
125,2022-07-05,3831.389892578125,0.25,100641.88479533319,641.8847953331808,-0.06298618394022554,Strong Buy,Extreme_Bear,0.00040313379231138313
126,2022-07-06,3845.080078125,0.25,100733.5074624232,733.5074624231885,-0.06221027731484075,Strong Buy,Extreme_Bear,0.0009103830604557661
127,2022-07-07,3902.6201171875,0.25,101118.59879849882,1118.598798498821,-0.061434370689456,Strong Buy,Extreme_Bear,0.0038228723071047632
128,2022-07-08,3899.3798828125,0.25,101096.91326951767,1096.9132695176631,-0.06065846406407123,Strong Buy,Extreme_Bear,-0.0002144563832847668
129,2022-07-11,3854.429931640625,0.25,100796.08210854973,796.0821085497338,-0.059882557438686444,Strong Buy,Extreme_Bear,-0.00297567107875929
130,2022-07-12,3818.800048828125,0.25,100557.62625415623,557.6262541562294,-0.05910665081330169,Strong Buy,Extreme_Bear,-0.0023657254270726957
131,2022-07-13,3801.780029296875,0.25,100443.71840549796,443.7184054979559,-0.058330744187916936,Strong Buy,Extreme_Bear,-0.0011327619087823093
132,2022-07-14,3790.3798828125,0.25,100367.42200889041,367.42200889041123,-0.05755483756253215,Strong Buy,Extreme_Bear,-0.0007595935098652085
133,2022-07-15,3863.159912109375,0.25,100854.50820448918,854.5082044891794,-0.056778930937147365,Strong Buy,Extreme_Bear,0.004853030852537188
134,2022-07-18,3830.85009765625,0.25,100638.27217443375,638.2721744337405,-0.05600302431176261,Strong Buy,Extreme_Bear,-0.0021440393087535092
135,2022-07-19,3936.68994140625,0.25,101346.61383536749,1346.6138353674883,-0.05522711768637783,Strong Buy,Extreme_Bear,0.007038491874204578
136,2022-07-20,3959.89990234375,0.25,101501.94836438957,1501.948364389566,-0.05445121106099307,Strong Buy,Extreme_Bear,0.0015327056636980085
137,2022-07-21,3998.949951171875,0.25,101763.2939547307,1763.2939547307046,-0.05367530443560831,Strong Buy,Extreme_Bear,0.0025747839775736026
138,2022-07-22,3961.6298828125,0.25,101513.52639771992,1513.526397719922,-0.05289939781022353,Strong Buy,Extreme_Bear,-0.0024543973303565725
139,2022-07-25,3966.840087890625,0.25,101548.39611396367,1548.3961139636626,-0.05212349118483878,Strong Buy,Extreme_Bear,0.00034349822610968417
140,2022-07-26,3921.050048828125,0.25,101241.94259726757,1241.9425972675701,-0.051347584559454006,Strong Buy,Extreme_Bear,-0.0030178075520974623
141,2022-07-27,4023.610107421875,0.25,101928.33403243784,1928.3340324378396,-0.050571677934069234,Strong Buy,Extreme_Bear,0.006779714193164699
142,2022-07-28,4072.429931640625,0.25,102255.06462980423,2255.064629804232,-0.04979577130868446,Buy,Bear,0.0032054933544034547
143,2022-07-29,4130.2900390625,0.25,102642.29804909974,2642.2980490997506,-0.049019864683299705,Buy,Bear,0.0037869363311970883
144,2022-08-01,4118.6298828125,0.25,102564.26151623807,2564.26151623807,-0.048243958057914926,Buy,Bear,-0.0007602765560095204
145,2022-08-02,4091.18994140625,0.25,102380.61750295381,2380.617502953819,-0.04746805143253014,Buy,Bear,-0.0017905263545936467
146,2022-08-03,4155.169921875,0.25,102808.80866448644,2808.8086644864343,-0.04669214480714538,Buy,Bear,0.004182345955476174
147,2022-08-04,4151.93994140625,0.25,102787.191760597,2787.191760596991,-0.04591623818176063,Buy,Bear,-0.00021026314933758616
148,2022-08-05,4145.18994140625,0.25,102742.01684308107,2742.01684308108,-0.04514033155637585,Buy,Bear,-0.0004394994818142095
149,2022-08-08,4140.06005859375,0.25,102707.68469005576,2707.684690055756,-0.04436442493099109,Buy,Bear,-0.0003341588386156502
150,2022-08-09,4122.47021484375,0.25,102589.96324701517,2589.96324701517,-0.04358851830560632,Buy,Bear,-0.0011461795034698463
151,2022-08-10,4210.240234375,0.25,103177.37115704389,3177.3711570438845,-0.042812611680221546,Buy,Bear,0.005725783414254337
152,2022-08-11,4207.27001953125,0.25,103157.49275547783,3157.4927554778196,-0.04203670505483678,Buy,Bear,-0.00019266241563575814
153,2022-08-12,4280.14990234375,0.25,103645.24722875541,3645.247228755405,-0.041260798429452024,Buy,Bear,0.004728250563764247
154,2022-08-15,4297.14013671875,0.0,103758.95573786156,3758.9557378615636,-0.04048489180406724,Buy,Bear,0.0010970933269633942
155,2022-08-16,4305.2001953125,0.1875,103758.95573786156,3758.9557378615636,-0.039708985178682474,Buy,Bear,0.0
156,2022-08-17,4274.0400390625,0.1875,99864.29134461073,-135.70865538927376,-0.0389330785532977,Buy,Bear,-0.037535693816063254
157,2022-08-18,4283.740234375,0.1875,99906.53761745708,-93.46238254291373,-0.03815717192791293,Buy,Bear,0.00042303682605204784
158,2022-08-19,4228.47998046875,0.1875,99665.86826092628,-334.1317390737272,-0.03738126530252816,Buy,Bear,-0.002408945022720488
159,2022-08-22,4137.990234375,0.0,99271.76748458951,-728.2325154104839,-0.03660535867714339,Buy,Bear,-0.003954220067646452
160,2022-08-23,4128.72998046875,0.1875,99271.76748458951,-728.2325154104839,-0.03582945205175862,Buy,Bear,0.0
161,2022-08-24,4140.77001953125,0.1875,100054.67800836815,54.67800836814474,-0.03505354542637385,Buy,Bear,0.007886537568701835
162,2022-08-25,4199.1201171875,0.1875,100319.66611275623,319.6661127562325,-0.03427763880098911,Buy,Bear,0.0026484329334997003
163,2022-08-26,4057.659912109375,0.1875,99677.24608098809,-322.7539190119165,-0.033501732175604315,Buy,Bear,-0.006403729763674426
164,2022-08-29,4030.610107421875,0.0,99554.40350220722,-445.59649779277527,-0.03272582555021957,Buy,Bear,-0.0012324034181387944
165,2022-08-30,3986.159912109375,0.1875,99554.40350220722,-445.59649779277527,-0.0319499189248348,Buy,Bear,0.0
166,2022-08-31,3955.0,0.1875,99853.43077926304,-146.56922073696123,-0.031174012299450028,Buy,Bear,0.003003656960781198
167,2022-09-01,3966.85009765625,0.1875,99909.1709743264,-90.82902567360829,-0.030398105674065232,Buy,Bear,0.0005582201295273315
168,2022-09-02,3924.260009765625,0.1875,99708.83677661313,-291.1632233868769,-0.02962219904868049,Buy,Bear,-0.0020051632473734315
169,2022-09-06,3908.18994140625,0.1875,99633.24678815759,-366.75321184241534,-0.028846292423295693,Buy,Bear,-0.000758107213956305
170,2022-09-07,3979.8701171875,0.1875,99970.41421885086,-29.585781149144008,-0.02807038579791095,Buy,Bear,0.0033840855493765254
171,2022-09-08,4006.179931640625,0.1875,100094.16967068246,94.16967068245353,-0.02729447917252618,Buy,Bear,0.0012379207668449244
172,2022-09-09,4067.360107421875,0.1875,100381.94746213875,381.9474621387431,-0.02651857254714141,Buy,Bear,0.0028750704701692165
173,2022-09-12,4110.41015625,0.1875,100584.44521268689,584.4452126868919,-0.02574266592175664,Buy,Bear,0.0020172725840421624
174,2022-09-13,3932.68994140625,0.1875,99748.48927971054,-251.51072028945924,-0.02496675929637187,Buy,Bear,-0.008310986168971857
175,2022-09-14,3946.010009765625,0.1875,99811.14388646116,-188.85611353884335,-0.0241908526709871,Buy,Bear,0.0006281258714095905
176,2022-09-15,3901.35009765625,0.1875,99601.07370099094,-398.92629900906627,-0.02341494604560233,Buy,Bear,-0.002104676665254712
177,2022-09-16,3873.330078125,0.0,99469.27382898507,-530.7261710149322,-0.02263903942021759,Buy,Bear,-0.0013232776225037268
178,2022-09-19,3899.889892578125,0.1875,99469.27382898507,-530.7261710149322,-0.02186313279483279,Buy,Bear,0.0
179,2022-09-20,3855.929931640625,0.1875,99788.64806692446,-211.3519330755341,-0.021087226169448022,Buy,Bear,0.003210782844242699
180,2022-09-21,3789.929931640625,0.0,99471.33141591976,-528.668584080242,-0.02031131954406325,Buy,Bear,-0.0031798872632474717
181,2022-09-22,3757.989990234375,0.1875,99471.33141591976,-528.668584080242,-0.019535412918678483,Buy,Bear,0.0
182,2022-09-23,3693.22998046875,0.1875,99676.8883934601,-323.11160653989424,-0.01875950629329371,Buy,Bear,0.0020664946835873277
183,2022-09-26,3655.0400390625,0.0,99486.34467109044,-513.6553289095555,-0.01798359966790897,Buy,Bear,-0.0019116138699827312
184,2022-09-27,3647.2900390625,0.1875,99486.34467109044,-513.6553289095555,-0.01720769304252417,Buy,Bear,0.0
185,2022-09-28,3719.0400390625,0.1875,100368.8526236169,368.85262361690127,-0.01643178641713943,Buy,Bear,0.008870644061193422
186,2022-09-29,3640.469970703125,0.1875,99964.93937132262,-35.06062867738094,-0.01565587979175466,Buy,Bear,-0.004024288828018752
187,2022-09-30,3585.6201171875,0.1875,99682.96707342379,-317.03292657621273,-0.014879973166369864,Buy,Bear,-0.002820711938327003
188,2022-10-03,3678.429931640625,0.1875,100160.08405681659,160.0840568165854,-0.01410406654098512,Buy,Bear,0.0047863441207700586
189,2022-10-04,3790.929931640625,0.0,100738.42440743542,738.4244074354216,-0.013328159915600352,Buy,Bear,0.005774159996618566
190,2022-10-05,3783.280029296875,0.1875,100738.42440743542,738.4244074354216,-0.01255225329021558,Buy,Bear,0.0
191,2022-10-06,3744.52001953125,0.1875,99807.9047341255,-192.09526587449997,-0.011776346664830784,Buy,Bear,-0.009236988555096248
192,2022-10-07,3639.659912109375,0.0,99288.2162630277,-711.7837369723053,-0.011000440039446014,Buy,Bear,-0.005206886894201235
193,2022-10-10,3612.389892578125,0.1875,99288.2162630277,-711.7837369723053,-0.010224533414061272,Buy,Bear,0.0
194,2022-10-11,3588.840087890625,0.1875,99877.7654541671,-122.23454583289508,-0.0094486267886765,Buy,Bear,0.0059377558921756
195,2022-10-12,3577.030029296875,0.1875,99816.46570380301,-183.53429619698755,-0.008672720163291705,Buy,Bear,-0.0006137477153733695
196,2022-10-13,3669.909912109375,0.1875,100298.55591402987,298.5559140298716,-0.007896813537906961,Buy,Bear,0.0048297663800020985
197,2022-10-14,3583.070068359375,0.1875,99847.8163430722,-152.18365692779983,-0.007120906912522192,Buy,Bear,-0.004493978670480736
198,2022-10-17,3677.949951171875,0.1875,100340.28749254292,340.28749254292194,-0.006345000287137422,Buy,Bear,0.00493221752370232
199,2022-10-18,3719.97998046875,0.0,100558.44308281725,558.4430828172532,-0.005569093661752679,Buy,Bear,0.002174157516645847
200,2022-10-19,3695.159912109375,0.1875,100558.44308281725,558.4430828172532,-0.004793187036367883,Buy,Bear,0.0
201,2022-10-20,3665.780029296875,0.0,99850.9204430019,-149.07955699809128,-0.004017280410983113,Buy,Bear,-0.0070359347074681056
202,2022-10-21,3752.75,0.1875,99850.9204430019,-149.07955699809128,-0.003241373785598343,Buy,Bear,0.0
203,2022-10-24,3797.340087890625,0.0,100222.78706227412,222.78706227412266,-0.002465467160213573,Buy,Bear,0.0037242182407770663
204,2022-10-25,3859.110107421875,0.1875,100222.78706227412,222.78706227412266,-0.0016895605348288033,Buy,Bear,0.0
205,2022-10-26,3830.60009765625,0.0,99861.48032364316,-138.51967635683528,-0.0009136539094440608,Buy,Bear,-0.0036050358328835186
206,2022-10-27,3807.300048828125,0.1875,99861.48032364316,-138.51967635683528,-0.00013774728405926365,Buy,Bear,0.0
207,2022-10-28,3901.06005859375,0.0,100461.74458554864,461.74458554864435,0.0006381593413255062,Buy,Bear,0.006010968993851007
208,2022-10-31,3871.97998046875,0.1875,100461.74458554864,461.74458554864435,0.0014140659667102487,Buy,Bear,0.0
209,2022-11-01,3856.10009765625,0.0,99923.10192608529,-76.8980739147121,0.0021899725920950185,Buy,Bear,-0.005361669376592104
210,2022-11-02,3759.68994140625,0.1875,99923.10192608529,-76.8980739147121,0.0029658792174798157,Buy,Bear,0.0
211,2022-11-03,3719.889892578125,0.0,99801.5126440857,-198.48735591430633,0.003741785842864558,Buy,Bear,-0.0012168285377042176
212,2022-11-04,3770.550048828125,0.1875,99801.5126440857,-198.48735591430633,0.0045176924682493284,Buy,Bear,0.0
213,2022-11-07,3806.800048828125,0.0,100180.2621610105,180.26216101049707,0.005293599093634098,Buy,Bear,0.0037950278196234866
214,2022-11-08,3828.110107421875,0.1875,100180.2621610105,180.26216101049707,0.006069505719018868,Buy,Bear,0.0
215,2022-11-09,3748.570068359375,0.0,99610.4146195977,-389.5853804023082,0.006845412344403638,Buy,Bear,-0.005688221702763618
216,2022-11-10,3956.3701171875,0.1875,99610.4146195977,-389.5853804023082,0.007621318969788408,Buy,Bear,0.0
217,2022-11-11,3992.929931640625,0.1875,100173.26400227778,173.26400227777316,0.008397225595173178,Buy,Bear,0.005650507377461977
218,2022-11-14,3957.25,0.1875,100004.16993411782,4.1699341178161315,0.00917313222055792,Buy,Bear,-0.0016880159575923814
219,2022-11-15,3991.72998046875,0.1875,100167.57720255827,167.57720255827363,0.009949038845942717,Buy,Bear,0.0016340045474914078
220,2022-11-16,3958.7900390625,0.1875,100011.46847585344,11.468475853444737,0.010724945471327487,Buy,Bear,-0.0015584756172064562
221,2022-11-17,3946.56005859375,0.1875,99953.50824286288,-46.49175713711262,0.011500852096712257,Buy,Bear,-0.0005795358659748118
222,2022-11-18,3965.340087890625,0.1875,100042.51041881874,42.51041881874057,0.012276758722097054,Buy,Bear,0.0008904357387797823
223,2022-11-21,3949.93994140625,0.1875,99969.52615849194,-30.47384150807117,0.013052665347481769,Buy,Bear,-0.0007295324759570843
224,2022-11-22,4003.580078125,0.1875,100223.73709773326,223.73709773325783,0.013828571972866566,Buy,Bear,0.0025428843069466023
225,2022-11-23,4027.260009765625,0.0,100335.96085463934,335.9608546393375,0.014604478598251336,Buy,Bear,0.0011197323124825243
226,2022-11-25,4026.1201171875,0.1875,100335.96085463934,335.9608546393375,0.015380385223636106,Buy,Bear,0.0
227,2022-11-28,3963.93994140625,0.0,99710.42138287894,-289.57861712106126,0.01615629184902085,Buy,Bear,-0.006234449408090592
228,2022-11-29,3957.6298828125,0.1875,99710.42138287894,-289.57861712106126,0.016932198474405646,Buy,Bear,0.0
229,2022-11-30,4080.110107421875,0.1875,100580.27260745104,580.2726074510448,0.017708105099790414,Buy,Bear,0.0087237744310793
230,2022-12-01,4076.570068359375,0.1875,100563.50102082286,563.5010208228624,0.018484011725175185,Buy,Bear,-0.0001667482717374602
231,2022-12-02,4071.699951171875,0.1875,100540.42794426707,540.4279442670676,0.01925991835055998,Buy,Bear,-0.000229437880757688
232,2022-12-05,3998.840087890625,0.1875,100195.24093159154,195.2409315915435,0.020035824975944697,Buy,Bear,-0.0034333155302150864
233,2022-12-06,3941.260009765625,0.1875,99922.44471344784,-77.55528655215699,0.020811731601329493,Buy,Bear,-0.0027226464611224133
234,2022-12-07,3933.919921875,0.1875,99887.66969607017,-112.33030392983554,0.021587638226714265,Buy,Bear,-0.0003480200817483903
235,2022-12-08,3963.510009765625,0.1875,100027.85818371999,27.858183719985107,0.02236354485209901,Buy,Bear,0.0014034613889419845
236,2022-12-09,3934.3798828125,0.1875,99889.84884567068,-110.15115432931808,0.023139451477483777,Buy,Bear,-0.0013797090186198346
237,2022-12-12,3990.56005859375,0.1875,100156.0127687988,156.01276879879526,0.023915358102868572,Buy,Bear,0.0026645742906201697
238,2022-12-13,4019.64990234375,0.1875,100293.83125775888,293.83125775888504,0.02469126472825329,Buy,Bear,0.0013760380944698447
239,2022-12-14,3995.320068359375,0.1875,100178.5641911774,178.56419117739387,0.025467171353638088,Buy,Bear,-0.0011492936817344424
240,2022-12-15,3895.75,0.1875,99706.83266573936,-293.1673342606356,0.026243077979022856,Buy,Bear,-0.004708906832980753
241,2022-12-16,3852.360107421875,0.0,99501.26506342944,-498.7349365705537,0.027018984604407624,Buy,Bear,-0.002061720313582427
242,2022-12-19,3817.659912109375,0.1875,99501.26506342944,-498.7349365705537,0.027794891229792423,Buy,Bear,0.0
243,2022-12-20,3821.6201171875,0.1875,100019.45009427879,19.45009427878064,0.028570797855177167,Buy,Bear,0.005207823543942114
244,2022-12-21,3878.43994140625,0.1875,100298.51416196126,298.51416196125246,0.029346704480561935,Buy,Bear,0.00279009800013319
245,2022-12-22,3822.389892578125,0.1875,100023.23075806406,23.23075806405783,0.030122611105946703,Buy,Bear,-0.0027446408971988356
246,2022-12-23,3844.820068359375,0.1875,100133.39400088316,133.39400088315384,0.030898517731331503,Buy,Bear,0.0011013765700644829
247,2022-12-27,3829.25,0.1875,100056.9233910176,56.92339101759924,0.03167442435671622,Buy,Bear,-0.0007636873854978132
248,2022-12-28,3783.219970703125,0.1875,99830.85216697304,-169.1478330269572,0.03245033098210101,Buy,Bear,-0.002259426098492723
249,2022-12-29,3849.280029296875,0.1875,100155.29858890391,155.29858890391407,0.03322623760748578,Buy,Bear,0.003249961458690276
250,2022-12-30,3839.5,0.1875,100107.26509363767,107.26509363767622,0.034002144232870526,Buy,Bear,-0.0004795901559176974
251,2023-01-03,3824.139892578125,0.1875,100031.82568290163,31.82568290163307,0.0347780508582553,Buy,Bear,-0.0007535857728755424
252,2023-01-04,3852.969970703125,0.1875,100173.42131407064,173.4213140706403,0.0355539574836401,Buy,Bear,0.0014155058172973245
253,2023-01-05,3808.10009765625,0.1875,99953.048064751,-46.95193524900804,0.03632986410902486,Buy,Bear,-0.002199917367589066
254,2023-01-06,3895.080078125,0.1875,100380.24029018103,380.24029018103175,0.037105770734409606,Buy,Bear,0.004273928946652017
255,2023-01-09,3892.090087890625,0.1875,100365.5552951356,365.5552951355875,0.03788167735979443,Buy,Bear,-0.00014629368292984335
256,2023-01-10,3919.25,0.1875,100498.94809694999,498.9480969499846,0.03865758398517915,Buy,Bear,0.0013290695340859582
257,2023-01-11,3969.610107421875,0.1875,100746.28600443751,746.2860044375117,0.03943349061056394,Buy,Bear,0.0024610994659259866
258,2023-01-12,3983.169921875,0.1875,100812.8834821724,812.8834821724065,0.04020939723594871,Buy,Bear,0.0006610415170238415
259,2023-01-13,3999.090087890625,0.1875,100891.07355663298,891.0735566329764,0.04098530386133346,Buy,Bear,0.0007755960524074013
260,2023-01-17,3990.969970703125,0.1875,100851.19252983363,851.1925298336304,0.04176121048671823,Buy,Bear,-0.0003952879614961269
261,2023-01-18,3928.860107421875,0.1875,100546.14704036257,546.147040362574,0.04253711711210302,Buy,Bear,-0.003024708799361231
262,2023-01-19,3898.85009765625,0.1875,100398.75630989949,398.7563098994798,0.04331302373748774,Buy,Bear,-0.001465901327913799
263,2023-01-20,3972.610107421875,0.1875,100761.02016130193,761.0201613019258,0.044088930362872536,Buy,Bear,0.00360825038792556
264,2023-01-23,4019.81005859375,0.1875,100992.83732282161,992.8373228216034,0.04486483698825731,Buy,Bear,0.002300663105123224
265,2023-01-24,4016.949951171875,0.1875,100978.79023235395,978.7902323539446,0.04564074361364207,Buy,Bear,-0.000139089967566286
266,2023-01-25,4016.219970703125,0.1875,100975.20501677577,975.2050167757695,0.04641665023902687,Buy,Bear,-3.550463983503782e-05
267,2023-01-26,4060.429931640625,0.0,101192.33718325,1192.3371832499988,0.047192556864411615,Buy,Bear,0.0021503513306870836
268,2023-01-27,4070.56005859375,0.1875,101192.33718325,1192.3371832499988,0.04796846348979639,Buy,Bear,0.0
269,2023-01-30,4017.77001953125,0.1875,99756.83610653719,-243.16389346281318,0.04874437011518115,Buy,Bear,-0.014185867395406171
270,2023-01-31,4076.60009765625,0.1875,100027.82190430597,27.821904305962153,0.04952027674056595,Buy,Bear,0.0027164634359431172
271,2023-02-01,4119.2099609375,0.1875,100224.09340626716,224.09340626715624,0.05029618336595067,Hold,Neutral,0.001962169106800804
272,2023-02-02,4179.759765625,0.1875,100503.00068721829,503.0006872182802,0.051072089991335466,Hold,Neutral,0.00278283665605783
273,2023-02-03,4136.47998046875,0.1875,100303.6433604626,303.6433604626035,0.05184799661672023,Hold,Neutral,-0.001983595767216073
274,2023-02-06,4111.080078125,0.1875,100186.6451680542,186.64516805420027,0.052623903242104975,Hold,Neutral,-0.0011664401061480811
275,2023-02-07,4164.0,0.1875,100430.40733367104,430.40733367104565,0.053399809867489746,Hold,Neutral,0.0024330804291126107
276,2023-02-08,4117.85986328125,0.1875,100217.87452466603,217.87452466602713,0.054175716492874545,Hold,Neutral,-0.0021162197251565207
277,2023-02-09,4081.5,0.1875,100050.39205868836,50.39205868836716,0.05495162311825931,Hold,Neutral,-0.001671183576503088
278,2023-02-10,4090.4599609375,0.1875,100091.6638407429,91.66384074289353,0.055727529743644054,Hold,Neutral,0.00041250994829011844
279,2023-02-13,4137.2900390625,0.1875,100307.37468942328,307.37468942328013,0.05650343636902885,Hold,Neutral,0.002155133009114518
280,2023-02-14,4136.1298828125,0.1875,100302.03072461883,302.0307246188375,0.0572793429944136,Hold,Neutral,-5.327589143855338e-05
281,2023-02-15,4147.60009765625,0.1875,100354.86535307893,354.86535307893143,0.05805524961979839,Hold,Neutral,0.00052675532168589
282,2023-02-16,4090.409912109375,0.1875,100091.43330354067,91.4333035406778,0.05883115624518313,Hold,Neutral,-0.0026250052611941355
283,2023-02-17,4079.090087890625,0.1875,100039.29141125894,39.29141125893765,0.059607062870567905,Hold,Neutral,-0.0005209426077815715
284,2023-02-21,3997.340087890625,0.1875,99662.73082059428,-337.26917940571434,0.060382969495952676,Hold,Neutral,-0.003764126928054945
285,2023-02-22,3991.050048828125,0.1875,99633.75735484897,-366.24264515102146,0.06115887612133741,Hold,Neutral,-0.0002907151500540772
286,2023-02-23,4012.320068359375,0.1875,99731.73229207388,-268.26770792611336,0.061934782746722185,Hold,Neutral,0.0009833508223118237
287,2023-02-24,3970.0400390625,0.0,99536.98008650386,-463.01991349614394,0.06271068937210698,Hold,Neutral,-0.0019527606820232135
288,2023-02-27,3982.239990234375,0.0,99536.98008650386,-463.01991349614394,0.06348659599749175,Hold,Neutral,0.0
289,2023-02-28,3970.14990234375,0.0,99536.98008650386,-463.01991349614394,0.06426250262287653,Hold,Neutral,0.0
290,2023-03-01,3951.389892578125,0.0,99536.98008650386,-463.01991349614394,0.06503840924826132,Hold,Neutral,0.0
291,2023-03-02,3981.35009765625,0.0,99536.98008650386,-463.01991349614394,0.06581431587364603,Hold,Neutral,0.0
292,2023-03-03,4045.639892578125,0.0,99536.98008650386,-463.01991349614394,0.06659022249903084,Hold,Neutral,0.0
293,2023-03-06,4048.419921875,0.0,99536.98008650386,-463.01991349614394,0.0673661291244156,Hold,Neutral,0.0
294,2023-03-07,3986.3701171875,0.0,99536.98008650386,-463.01991349614394,0.06814203574980035,Hold,Neutral,0.0
295,2023-03-08,3992.010009765625,0.0,99536.98008650386,-463.01991349614394,0.06891794237518512,Hold,Neutral,0.0
296,2023-03-09,3918.320068359375,0.0,99536.98008650386,-463.01991349614394,0.06969384900056991,Hold,Neutral,0.0
297,2023-03-10,3861.590087890625,0.0,99536.98008650386,-463.01991349614394,0.07046975562595463,Hold,Neutral,0.0
298,2023-03-13,3855.760009765625,0.0,99536.98008650386,-463.01991349614394,0.07124566225133942,Hold,Neutral,0.0
299,2023-03-14,3919.2900390625,0.0,99536.98008650386,-463.01991349614394,0.07202156887672419,Hold,Neutral,0.0
300,2023-03-15,3891.929931640625,0.0,99536.98008650386,-463.01991349614394,0.07279747550210897,Hold,Neutral,0.0
301,2023-03-16,3960.280029296875,0.0,99536.98008650386,-463.01991349614394,0.07357338212749376,Hold,Neutral,0.0
302,2023-03-17,3916.639892578125,0.0,99536.98008650386,-463.01991349614394,0.07434928875287851,Hold,Neutral,0.0
303,2023-03-20,3951.570068359375,0.0,99536.98008650386,-463.01991349614394,0.07512519537826327,Hold,Neutral,0.0
304,2023-03-21,4002.8701171875,0.0,99536.98008650386,-463.01991349614394,0.07590110200364804,Hold,Neutral,0.0
305,2023-03-22,3936.969970703125,0.0,99536.98008650386,-463.01991349614394,0.07667700862903284,Hold,Neutral,0.0
306,2023-03-23,3948.719970703125,0.0,99536.98008650386,-463.01991349614394,0.07745291525441755,Hold,Neutral,0.0
307,2023-03-24,3970.989990234375,0.0,99536.98008650386,-463.01991349614394,0.07822882187980235,Hold,Neutral,0.0
308,2023-03-27,3977.530029296875,0.0,99536.98008650386,-463.01991349614394,0.07900472850518712,Hold,Neutral,0.0
309,2023-03-28,3971.27001953125,0.0,99536.98008650386,-463.01991349614394,0.07978063513057186,Hold,Neutral,0.0
310,2023-03-29,4027.81005859375,0.0,99536.98008650386,-463.01991349614394,0.08055654175595667,Hold,Neutral,0.0
311,2023-03-30,4050.830078125,0.0,99536.98008650386,-463.01991349614394,0.08133244838134143,Hold,Neutral,0.0
312,2023-03-31,4109.31005859375,0.0,99536.98008650386,-463.01991349614394,0.0821083550067262,Hold,Neutral,0.0
313,2023-04-03,4124.509765625,0.0,99536.98008650386,-463.01991349614394,0.08288426163211095,Hold,Neutral,0.0
314,2023-04-04,4100.60009765625,0.0,99536.98008650386,-463.01991349614394,0.08366016825749574,Hold,Neutral,0.0
315,2023-04-05,4090.3798828125,0.0,99536.98008650386,-463.01991349614394,0.08443607488288049,Hold,Neutral,0.0
316,2023-04-06,4105.02001953125,0.0,99536.98008650386,-463.01991349614394,0.08521198150826528,Hold,Neutral,0.0
317,2023-04-10,4109.10986328125,0.0,99536.98008650386,-463.01991349614394,0.08598788813365002,Hold,Neutral,0.0
318,2023-04-11,4108.93994140625,0.0,99536.98008650386,-463.01991349614394,0.08676379475903483,Hold,Neutral,0.0
319,2023-04-12,4091.949951171875,0.0,99536.98008650386,-463.01991349614394,0.08753970138441954,Hold,Neutral,0.0
320,2023-04-13,4146.22021484375,0.0,99536.98008650386,-463.01991349614394,0.08831560800980436,Hold,Neutral,0.0
321,2023-04-14,4137.64013671875,0.0,99536.98008650386,-463.01991349614394,0.08909151463518913,Hold,Neutral,0.0
322,2023-04-17,4151.31982421875,0.0,99536.98008650386,-463.01991349614394,0.0898674212605739,Hold,Neutral,0.0
323,2023-04-18,4154.8701171875,0.0,99536.98008650386,-463.01991349614394,0.09064332788595866,Hold,Neutral,0.0
324,2023-04-19,4154.52001953125,0.0,99536.98008650386,-463.01991349614394,0.09141923451134339,Hold,Neutral,0.0
325,2023-04-20,4129.7900390625,0.0,99536.98008650386,-463.01991349614394,0.0921951411367282,Hold,Neutral,0.0
326,2023-04-21,4133.52001953125,0.0,99536.98008650386,-463.01991349614394,0.09297104776211298,Hold,Neutral,0.0
327,2023-04-24,4137.0400390625,0.0,99536.98008650386,-463.01991349614394,0.0937469543874977,Hold,Neutral,0.0
328,2023-04-25,4071.6298828125,0.0,99536.98008650386,-463.01991349614394,0.09452286101288246,Hold,Neutral,0.0
329,2023-04-26,4055.989990234375,0.0,99536.98008650386,-463.01991349614394,0.09529876763826729,Hold,Neutral,0.0
330,2023-04-27,4135.35009765625,0.0,99536.98008650386,-463.01991349614394,0.096074674263652,Hold,Neutral,0.0
331,2023-04-28,4169.47998046875,0.0,99536.98008650386,-463.01991349614394,0.09685058088903678,Hold,Neutral,0.0
332,2023-05-01,4167.8701171875,0.0,99536.98008650386,-463.01991349614394,0.09762648751442154,Hold,Neutral,0.0
333,2023-05-02,4119.580078125,0.0,99536.98008650386,-463.01991349614394,0.09840239413980631,Hold,Neutral,0.0
334,2023-05-03,4090.75,0.0,99536.98008650386,-463.01991349614394,0.09917830076519114,Hold,Neutral,0.0
335,2023-05-04,4061.219970703125,0.0,99536.98008650386,-463.01991349614394,0.09995420739057585,Hold,Neutral,0.0
336,2023-05-05,4136.25,0.0,99536.98008650386,-463.01991349614394,0.10073011401596062,Hold,Neutral,0.0
337,2023-05-08,4138.1201171875,0.0,99536.98008650386,-463.01991349614394,0.1015060206413454,Hold,Neutral,0.0
338,2023-05-09,4119.169921875,0.0,99536.98008650386,-463.01991349614394,0.10228192726673022,Hold,Neutral,0.0
339,2023-05-10,4137.64013671875,0.0,99536.98008650386,-463.01991349614394,0.10305783389211494,Hold,Neutral,0.0
340,2023-05-11,4130.6201171875,0.0,99536.98008650386,-463.01991349614394,0.1038337405174997,Hold,Neutral,0.0
341,2023-05-12,4124.080078125,0.0,99536.98008650386,-463.01991349614394,0.10460964714288447,Hold,Neutral,0.0
342,2023-05-15,4136.27978515625,0.0,99536.98008650386,-463.01991349614394,0.10538555376826925,Hold,Neutral,0.0
343,2023-05-16,4109.89990234375,0.0,99536.98008650386,-463.01991349614394,0.10616146039365401,Hold,Neutral,0.0
344,2023-05-17,4158.77001953125,0.0,99536.98008650386,-463.01991349614394,0.10693736701903878,Hold,Neutral,0.0
345,2023-05-18,4198.0498046875,0.0,99536.98008650386,-463.01991349614394,0.10771327364442355,Hold,Neutral,0.0
346,2023-05-19,4191.97998046875,0.0,99536.98008650386,-463.01991349614394,0.10848918026980832,Hold,Neutral,0.0
347,2023-05-22,4192.6298828125,0.0,99536.98008650386,-463.01991349614394,0.10926508689519314,Hold,Neutral,0.0
348,2023-05-23,4145.580078125,0.0,99536.98008650386,-463.01991349614394,0.11004099352057786,Hold,Neutral,0.0
349,2023-05-24,4115.240234375,0.0,99536.98008650386,-463.01991349614394,0.11081690014596263,Hold,Neutral,0.0
350,2023-05-25,4151.27978515625,0.0,99536.98008650386,-463.01991349614394,0.1115928067713474,Hold,Neutral,0.0
351,2023-05-26,4205.4501953125,0.0,99536.98008650386,-463.01991349614394,0.11236871339673217,Hold,Neutral,0.0
352,2023-05-30,4205.52001953125,0.0,99536.98008650386,-463.01991349614394,0.11314462002211693,Hold,Neutral,0.0
353,2023-05-31,4179.830078125,0.0,99536.98008650386,-463.01991349614394,0.11392052664750171,Hold,Neutral,0.0
354,2023-06-01,4221.02001953125,0.0,99536.98008650386,-463.01991349614394,0.11469643327288642,Hold,Neutral,0.0
355,2023-06-02,4282.3701171875,0.0,99536.98008650386,-463.01991349614394,0.11547233989827126,Hold,Neutral,0.0
356,2023-06-05,4273.7900390625,0.0,99536.98008650386,-463.01991349614394,0.11624824652365602,Hold,Neutral,0.0
357,2023-06-06,4283.85009765625,0.0,99536.98008650386,-463.01991349614394,0.11702415314904079,Hold,Neutral,0.0
358,2023-06-07,4267.52001953125,0.0,99536.98008650386,-463.01991349614394,0.11780005977442556,Hold,Neutral,0.0
359,2023-06-08,4293.93017578125,0.0,99536.98008650386,-463.01991349614394,0.11857596639981033,Hold,Neutral,0.0
360,2023-06-09,4298.85986328125,0.0,99536.98008650386,-463.01991349614394,0.1193518730251951,Hold,Neutral,0.0
361,2023-06-12,4338.93017578125,0.0,99536.98008650386,-463.01991349614394,0.12012777965057987,Hold,Neutral,0.0
362,2023-06-13,4369.009765625,0.0,99536.98008650386,-463.01991349614394,0.12090368627596464,Hold,Neutral,0.0
363,2023-06-14,4372.58984375,0.0,99536.98008650386,-463.01991349614394,0.12167959290134936,Hold,Neutral,0.0
364,2023-06-15,4425.83984375,0.0,99536.98008650386,-463.01991349614394,0.12245549952673418,Hold,Neutral,0.0
365,2023-06-16,4409.58984375,0.0,99536.98008650386,-463.01991349614394,0.12323140615211894,Hold,Neutral,0.0
366,2023-06-20,4388.7099609375,0.0,99536.98008650386,-463.01991349614394,0.12400731277750367,Hold,Neutral,0.0
367,2023-06-21,4365.68994140625,0.0,99536.98008650386,-463.01991349614394,0.12478321940288843,Hold,Neutral,0.0
368,2023-06-22,4381.89013671875,0.0,99536.98008650386,-463.01991349614394,0.12555912602827327,Hold,Neutral,0.0
369,2023-06-23,4348.330078125,0.0,99536.98008650386,-463.01991349614394,0.12633503265365803,Hold,Neutral,0.0
370,2023-06-26,4328.81982421875,0.0,99536.98008650386,-463.01991349614394,0.12711093927904274,Hold,Neutral,0.0
371,2023-06-27,4378.41015625,0.0,99536.98008650386,-463.01991349614394,0.12788684590442756,Hold,Neutral,0.0
372,2023-06-28,4376.85986328125,0.0,99536.98008650386,-463.01991349614394,0.12866275252981227,Hold,Neutral,0.0
373,2023-06-29,4396.43994140625,0.0,99536.98008650386,-463.01991349614394,0.12943865915519712,Hold,Neutral,0.0
374,2023-06-30,4450.3798828125,0.0,99536.98008650386,-463.01991349614394,0.13021456578058188,Hold,Neutral,0.0
375,2023-07-03,4455.58984375,0.0,99536.98008650386,-463.01991349614394,0.1309904724059666,Hold,Neutral,0.0
376,2023-07-05,4446.81982421875,0.0,99536.98008650386,-463.01991349614394,0.13176637903135135,Hold,Neutral,0.0
377,2023-07-06,4411.58984375,0.0,99536.98008650386,-463.01991349614394,0.13254228565673618,Hold,Neutral,0.0
378,2023-07-07,4398.9501953125,0.0,99536.98008650386,-463.01991349614394,0.1333181922821209,Hold,Neutral,0.0
379,2023-07-10,4409.52978515625,0.0,99536.98008650386,-463.01991349614394,0.13409409890750568,Hold,Neutral,0.0
380,2023-07-11,4439.259765625,0.0,99536.98008650386,-463.01991349614394,0.13487000553289044,Hold,Neutral,0.0
381,2023-07-12,4472.16015625,0.0,99536.98008650386,-463.01991349614394,0.13564591215827526,Hold,Neutral,0.0
382,2023-07-13,4510.0400390625,0.0,99536.98008650386,-463.01991349614394,0.13642181878366003,Hold,Neutral,0.0
383,2023-07-14,4505.419921875,0.0,99536.98008650386,-463.01991349614394,0.13719772540904476,Hold,Neutral,0.0
384,2023-07-17,4522.7900390625,0.0,99536.98008650386,-463.01991349614394,0.13797363203442958,Hold,Neutral,0.0
385,2023-07-18,4554.97998046875,0.0,99536.98008650386,-463.01991349614394,0.1387495386598143,Hold,Neutral,0.0
386,2023-07-19,4565.72021484375,0.0,99536.98008650386,-463.01991349614394,0.13952544528519906,Hold,Neutral,0.0
387,2023-07-20,4534.8701171875,0.0,99536.98008650386,-463.01991349614394,0.14030135191058382,Hold,Neutral,0.0
388,2023-07-21,4536.33984375,0.0,99536.98008650386,-463.01991349614394,0.14107725853596859,Hold,Neutral,0.0
389,2023-07-24,4554.64013671875,0.0,99536.98008650386,-463.01991349614394,0.14185316516135338,Hold,Neutral,0.0
390,2023-07-25,4567.4599609375,0.0,99536.98008650386,-463.01991349614394,0.1426290717867382,Hold,Neutral,0.0
391,2023-07-26,4566.75,0.0,99536.98008650386,-463.01991349614394,0.1434049784121229,Hold,Neutral,0.0
392,2023-07-27,4537.41015625,0.0,99536.98008650386,-463.01991349614394,0.14418088503750767,Hold,Neutral,0.0
393,2023-07-28,4582.22998046875,0.0,99536.98008650386,-463.01991349614394,0.1449567916628925,Hold,Neutral,0.0
394,2023-07-31,4588.9599609375,0.0,99536.98008650386,-463.01991349614394,0.14573269828827723,Hold,Neutral,0.0
395,2023-08-01,4576.72998046875,0.0,99536.98008650386,-463.01991349614394,0.146508604913662,Hold,Neutral,0.0
396,2023-08-02,4513.39013671875,0.0,99536.98008650386,-463.01991349614394,0.14728451153904676,Hold,Neutral,0.0
397,2023-08-03,4501.89013671875,0.0,99536.98008650386,-463.01991349614394,0.14806041816443152,Hold,Neutral,0.0
398,2023-08-04,4478.02978515625,0.0,99536.98008650386,-463.01991349614394,0.14883632478981623,Hold,Neutral,0.0
399,2023-08-07,4518.43994140625,0.0,99536.98008650386,-463.01991349614394,0.14961223141520108,Hold,Neutral,0.0
400,2023-08-08,4499.3798828125,0.0,99536.98008650386,-463.01991349614394,0.15038813804058584,Trim,Bull,0.0
401,2023-08-09,4467.7099609375,0.0,99536.98008650386,-463.01991349614394,0.15116404466597055,Trim,Bull,0.0
402,2023-08-10,4468.830078125,0.0,99536.98008650386,-463.01991349614394,0.15193995129135537,Trim,Bull,0.0
403,2023-08-11,4464.0498046875,0.0,99536.98008650386,-463.01991349614394,0.15271585791674014,Trim,Bull,0.0
404,2023-08-14,4489.72021484375,0.0,99536.98008650386,-463.01991349614394,0.1534917645421249,Trim,Bull,0.0
405,2023-08-15,4437.85986328125,0.0,99536.98008650386,-463.01991349614394,0.1542676711675097,Trim,Bull,0.0
406,2023-08-16,4404.330078125,0.0,99536.98008650386,-463.01991349614394,0.15504357779289446,Trim,Bull,0.0
407,2023-08-17,4370.35986328125,0.0,99536.98008650386,-463.01991349614394,0.15581948441827917,Trim,Bull,0.0
408,2023-08-18,4369.7099609375,0.0,99536.98008650386,-463.01991349614394,0.156595391043664,Trim,Bull,0.0
409,2023-08-21,4399.77001953125,0.0,99536.98008650386,-463.01991349614394,0.15737129766904875,Trim,Bull,0.0
410,2023-08-22,4387.5498046875,0.0,99536.98008650386,-463.01991349614394,0.1581472042944335,Trim,Bull,0.0
411,2023-08-23,4436.009765625,0.0,99536.98008650386,-463.01991349614394,0.1589231109198183,Trim,Bull,0.0
412,2023-08-24,4376.31005859375,0.0,99536.98008650386,-463.01991349614394,0.15969901754520308,Trim,Bull,0.0
413,2023-08-25,4405.7099609375,0.0,99536.98008650386,-463.01991349614394,0.16047492417058784,Trim,Bull,0.0
414,2023-08-28,4433.31005859375,0.0,99536.98008650386,-463.01991349614394,0.1612508307959726,Trim,Bull,0.0
415,2023-08-29,4497.6298828125,0.0,99536.98008650386,-463.01991349614394,0.1620267374213574,Trim,Bull,0.0
416,2023-08-30,4514.8701171875,0.0,99536.98008650386,-463.01991349614394,0.1628026440467421,Trim,Bull,0.0
417,2023-08-31,4507.66015625,0.0,99536.98008650386,-463.01991349614394,0.16357855067212693,Trim,Bull,0.0
418,2023-09-01,4515.77001953125,0.0,99536.98008650386,-463.01991349614394,0.16435445729751164,Trim,Bull,0.0
419,2023-09-05,4496.830078125,0.0,99536.98008650386,-463.01991349614394,0.1651303639228964,Trim,Bull,0.0
420,2023-09-06,4465.47998046875,0.0,99536.98008650386,-463.01991349614394,0.16590627054828122,Trim,Bull,0.0
421,2023-09-07,4451.14013671875,0.0,99536.98008650386,-463.01991349614394,0.166682177173666,Trim,Bull,0.0
422,2023-09-08,4457.490234375,0.0,99536.98008650386,-463.01991349614394,0.16745808379905072,Trim,Bull,0.0
423,2023-09-11,4487.4599609375,0.0,99536.98008650386,-463.01991349614394,0.16823399042443554,Trim,Bull,0.0
424,2023-09-12,4461.89990234375,0.0,99536.98008650386,-463.01991349614394,0.16900989704982025,Trim,Bull,0.0
425,2023-09-13,4467.43994140625,0.0,99536.98008650386,-463.01991349614394,0.16978580367520502,Trim,Bull,0.0
426,2023-09-14,4505.10009765625,0.0,99536.98008650386,-463.01991349614394,0.1705617103005898,Trim,Bull,0.0
427,2023-09-15,4450.31982421875,0.0,99536.98008650386,-463.01991349614394,0.17133761692597457,Trim,Bull,0.0
428,2023-09-18,4453.52978515625,0.0,99536.98008650386,-463.01991349614394,0.17211352355135934,Trim,Bull,0.0
429,2023-09-19,4443.9501953125,0.0,99536.98008650386,-463.01991349614394,0.17288943017674416,Trim,Bull,0.0
430,2023-09-20,4402.2001953125,0.0,99536.98008650386,-463.01991349614394,0.17366533680212887,Trim,Bull,0.0
431,2023-09-21,4330.0,0.0,99536.98008650386,-463.01991349614394,0.17444124342751366,Trim,Bull,0.0
432,2023-09-22,4320.06005859375,0.0,99536.98008650386,-463.01991349614394,0.17521715005289842,Trim,Bull,0.0
433,2023-09-25,4337.43994140625,0.0,99536.98008650386,-463.01991349614394,0.1759930566782832,Trim,Bull,0.0
434,2023-09-26,4273.52978515625,0.0,99536.98008650386,-463.01991349614394,0.17676896330366795,Trim,Bull,0.0
435,2023-09-27,4274.509765625,0.0,99536.98008650386,-463.01991349614394,0.17754486992905277,Trim,Bull,0.0
436,2023-09-28,4299.7001953125,0.0,99536.98008650386,-463.01991349614394,0.17832077655443745,Trim,Bull,0.0
437,2023-09-29,4288.0498046875,0.0,99536.98008650386,-463.01991349614394,0.17909668317982222,Trim,Bull,0.0
438,2023-10-02,4288.39013671875,0.0,99536.98008650386,-463.01991349614394,0.17987258980520704,Trim,Bull,0.0
439,2023-10-03,4229.4501953125,0.0,99536.98008650386,-463.01991349614394,0.1806484964305918,Trim,Bull,0.0
440,2023-10-04,4263.75,0.0,99536.98008650386,-463.01991349614394,0.18142440305597657,Trim,Bull,0.0
441,2023-10-05,4258.18994140625,0.0,99536.98008650386,-463.01991349614394,0.18220030968136133,Trim,Bull,0.0
442,2023-10-06,4308.5,0.0,99536.98008650386,-463.01991349614394,0.18297621630674613,Trim,Bull,0.0
443,2023-10-09,4335.66015625,0.0,99536.98008650386,-463.01991349614394,0.1837521229321309,Trim,Bull,0.0
444,2023-10-10,4358.240234375,0.0,99536.98008650386,-463.01991349614394,0.1845280295575157,Trim,Bull,0.0
445,2023-10-11,4376.9501953125,0.0,99536.98008650386,-463.01991349614394,0.18530393618290036,Trim,Bull,0.0
446,2023-10-12,4349.60986328125,0.0,99536.98008650386,-463.01991349614394,0.18607984280828513,Trim,Bull,0.0
447,2023-10-13,4327.77978515625,0.0,99536.98008650386,-463.01991349614394,0.18685574943366998,Trim,Bull,0.0
448,2023-10-16,4373.6298828125,0.0,99536.98008650386,-463.01991349614394,0.18763165605905474,Trim,Bull,0.0
449,2023-10-17,4373.2001953125,0.0,99536.98008650386,-463.01991349614394,0.1884075626844395,Trim,Bull,0.0
450,2023-10-18,4314.60009765625,0.0,99536.98008650386,-463.01991349614394,0.18918346930982427,Trim,Bull,0.0
451,2023-10-19,4278.0,0.0,99536.98008650386,-463.01991349614394,0.18995937593520903,Trim,Bull,0.0
452,2023-10-20,4224.16015625,0.0,99536.98008650386,-463.01991349614394,0.19073528256059383,Trim,Bull,0.0
453,2023-10-23,4217.0400390625,0.0,99536.98008650386,-463.01991349614394,0.19151118918597865,Trim,Bull,0.0
454,2023-10-24,4247.68017578125,0.0,99536.98008650386,-463.01991349614394,0.1922870958113633,Trim,Bull,0.0
455,2023-10-25,4186.77001953125,0.0,99536.98008650386,-463.01991349614394,0.19306300243674807,Trim,Bull,0.0
456,2023-10-26,4137.22998046875,0.0,99536.98008650386,-463.01991349614394,0.19383890906213289,Trim,Bull,0.0
457,2023-10-27,4117.3701171875,0.0,99536.98008650386,-463.01991349614394,0.19461481568751765,Trim,Bull,0.0
458,2023-10-30,4166.81982421875,0.0,99536.98008650386,-463.01991349614394,0.19539072231290244,Trim,Bull,0.0
459,2023-10-31,4193.7998046875,0.0,99536.98008650386,-463.01991349614394,0.1961666289382872,Trim,Bull,0.0
460,2023-11-01,4237.85986328125,0.0,99536.98008650386,-463.01991349614394,0.19694253556367197,Trim,Bull,0.0
461,2023-11-02,4317.77978515625,0.0,99536.98008650386,-463.01991349614394,0.19771844218905668,Trim,Bull,0.0
462,2023-11-03,4358.33984375,0.0,99536.98008650386,-463.01991349614394,0.19849434881444156,Trim,Bull,0.0
463,2023-11-06,4365.97998046875,0.0,99536.98008650386,-463.01991349614394,0.19927025543982624,Trim,Bull,0.0
464,2023-11-07,4378.3798828125,0.0,99536.98008650386,-463.01991349614394,0.200046162065211,Trim,Bull,0.0
465,2023-11-08,4382.77978515625,0.0,99536.98008650386,-463.01991349614394,0.20082206869059582,Trim,Bull,0.0
466,2023-11-09,4347.35009765625,0.0,99536.98008650386,-463.01991349614394,0.2015979753159806,Trim,Bull,0.0
467,2023-11-10,4415.240234375,0.0,99536.98008650386,-463.01991349614394,0.20237388194136524,Trim,Bull,0.0
468,2023-11-13,4411.5498046875,0.0,99536.98008650386,-463.01991349614394,0.20314978856675014,Trim,Bull,0.0
469,2023-11-14,4495.7001953125,0.0,99536.98008650386,-463.01991349614394,0.20392569519213485,Trim,Bull,0.0
470,2023-11-15,4502.8798828125,0.0,99536.98008650386,-463.01991349614394,0.20470160181751962,Trim,Bull,0.0
471,2023-11-16,4508.240234375,0.0,99536.98008650386,-463.01991349614394,0.20547750844290438,Trim,Bull,0.0
472,2023-11-17,4514.02001953125,0.0,99536.98008650386,-463.01991349614394,0.20625341506828915,Trim,Bull,0.0
473,2023-11-20,4547.3798828125,0.0,99536.98008650386,-463.01991349614394,0.2070293216936739,Trim,Bull,0.0
474,2023-11-21,4538.18994140625,0.0,99536.98008650386,-463.01991349614394,0.20780522831905876,Trim,Bull,0.0
475,2023-11-22,4556.6201171875,0.0,99536.98008650386,-463.01991349614394,0.20858113494444352,Trim,Bull,0.0
476,2023-11-24,4559.33984375,0.0,99536.98008650386,-463.01991349614394,0.20935704156982818,Trim,Bull,0.0
477,2023-11-27,4550.43017578125,0.0,99536.98008650386,-463.01991349614394,0.21013294819521305,Trim,Bull,0.0
478,2023-11-28,4554.89013671875,0.0,99536.98008650386,-463.01991349614394,0.21090885482059776,Trim,Bull,0.0
479,2023-11-29,4550.580078125,0.0,99536.98008650386,-463.01991349614394,0.21168476144598256,Trim,Bull,0.0
480,2023-11-30,4567.7998046875,0.0,99536.98008650386,-463.01991349614394,0.21246066807136732,Trim,Bull,0.0
481,2023-12-01,4594.6298828125,0.0,99536.98008650386,-463.01991349614394,0.21323657469675208,Trim,Bull,0.0
482,2023-12-04,4569.77978515625,0.0,99536.98008650386,-463.01991349614394,0.21401248132213685,Trim,Bull,0.0
483,2023-12-05,4567.18017578125,0.0,99536.98008650386,-463.01991349614394,0.21478838794752167,Trim,Bull,0.0
484,2023-12-06,4549.33984375,0.0,99536.98008650386,-463.01991349614394,0.21556429457290646,Trim,Bull,0.0
485,2023-12-07,4585.58984375,0.0,99536.98008650386,-463.01991349614394,0.21634020119829112,Trim,Bull,0.0
486,2023-12-08,4604.3701171875,0.0,99536.98008650386,-463.01991349614394,0.21711610782367594,Trim,Bull,0.0
487,2023-12-11,4622.43994140625,0.0,99536.98008650386,-463.01991349614394,0.2178920144490607,Trim,Bull,0.0
488,2023-12-12,4643.7001953125,0.0,99536.98008650386,-463.01991349614394,0.21866792107444546,Trim,Bull,0.0
489,2023-12-13,4707.08984375,0.0,99536.98008650386,-463.01991349614394,0.21944382769983023,Trim,Bull,0.0
490,2023-12-14,4719.5498046875,0.0,99536.98008650386,-463.01991349614394,0.22021973432521502,Trim,Bull,0.0
491,2023-12-15,4719.18994140625,0.0,99536.98008650386,-463.01991349614394,0.2209956409505998,Trim,Bull,0.0
492,2023-12-18,4740.56005859375,0.0,99536.98008650386,-463.01991349614394,0.2217715475759846,Trim,Bull,0.0
493,2023-12-19,4768.3701171875,0.0,99536.98008650386,-463.01991349614394,0.22254745420136926,Trim,Bull,0.0
494,2023-12-20,4698.35009765625,0.0,99536.98008650386,-463.01991349614394,0.22332336082675402,Trim,Bull,0.0
495,2023-12-21,4746.75,0.0,99536.98008650386,-463.01991349614394,0.22409926745213887,Trim,Bull,0.0
496,2023-12-22,4754.6298828125,0.0,99536.98008650386,-463.01991349614394,0.22487517407752364,Trim,Bull,0.0
497,2023-12-26,4774.75,0.0,99536.98008650386,-463.01991349614394,0.2256510807029084,Trim,Bull,0.0
498,2023-12-27,4781.580078125,0.0,99536.98008650386,-463.01991349614394,0.22642698732829317,Trim,Bull,0.0
499,2023-12-28,4783.35009765625,0.0,99536.98008650386,-463.01991349614394,0.22720289395367793,Trim,Bull,0.0
500,2023-12-29,4769.830078125,0.0,99536.98008650386,-463.01991349614394,0.22797880057906267,Trim,Bull,0.0
501,2024-01-02,4742.830078125,0.0,99536.98008650386,-463.01991349614394,0.22875470720444754,Trim,Bull,0.0
502,2024-01-03,4704.81005859375,0.0,99536.98008650386,-463.01991349614394,0.2295306138298322,Trim,Bull,0.0
503,2024-01-04,4688.68017578125,0.0,99536.98008650386,-463.01991349614394,0.23030652045521696,Trim,Bull,0.0
504,2024-01-05,4697.240234375,0.0,99536.98008650386,-463.01991349614394,0.23108242708060178,Trim,Bull,0.0
505,2024-01-08,4763.5400390625,0.0,99536.98008650386,-463.01991349614394,0.23185833370598655,Trim,Bull,0.0
506,2024-01-09,4756.5,0.0,99536.98008650386,-463.01991349614394,0.23263424033137134,Trim,Bull,0.0
507,2024-01-10,4783.4501953125,0.0,99536.98008650386,-463.01991349614394,0.2334101469567561,Trim,Bull,0.0
508,2024-01-11,4780.240234375,0.0,99536.98008650386,-463.01991349614394,0.2341860535821408,Trim,Bull,0.0
509,2024-01-12,4783.830078125,0.0,99536.98008650386,-463.01991349614394,0.23496196020752558,Trim,Bull,0.0
510,2024-01-16,4765.97998046875,0.0,99536.98008650386,-463.01991349614394,0.23573786683291045,Trim,Bull,0.0
511,2024-01-17,4739.2099609375,0.0,99536.98008650386,-463.01991349614394,0.23651377345829513,Trim,Bull,0.0
512,2024-01-18,4780.93994140625,0.0,99536.98008650386,-463.01991349614394,0.2372896800836799,Trim,Bull,0.0
513,2024-01-19,4839.81005859375,0.0,99536.98008650386,-463.01991349614394,0.23806558670906472,Trim,Bull,0.0
514,2024-01-22,4850.43017578125,0.0,99536.98008650386,-463.01991349614394,0.23884149333444948,Trim,Bull,0.0
515,2024-01-23,4864.60009765625,0.0,99536.98008650386,-463.01991349614394,0.23961739995983414,Trim,Bull,0.0
516,2024-01-24,4868.5498046875,0.0,99536.98008650386,-463.01991349614394,0.24039330658521904,Trim,Bull,0.0
517,2024-01-25,4894.16015625,0.0,99536.98008650386,-463.01991349614394,0.24116921321060375,Trim,Bull,0.0
518,2024-01-26,4890.97021484375,0.0,99536.98008650386,-463.01991349614394,0.24194511983598851,Trim,Bull,0.0
519,2024-01-29,4927.93017578125,0.0,99536.98008650386,-463.01991349614394,0.24272102646137328,Trim,Bull,0.0
520,2024-01-30,4924.97021484375,0.0,99536.98008650386,-463.01991349614394,0.24349693308675804,Trim,Bull,0.0
521,2024-01-31,4845.64990234375,0.0,99536.98008650386,-463.01991349614394,0.24427283971214284,Trim,Bull,0.0
522,2024-02-01,4906.18994140625,0.0,99536.98008650386,-463.01991349614394,0.24504874633752766,Trim,Bull,0.0
523,2024-02-02,4958.60986328125,0.0,99536.98008650386,-463.01991349614394,0.24582465296291242,Trim,Bull,0.0
524,2024-02-05,4942.81005859375,0.0,99536.98008650386,-463.01991349614394,0.24660055958829705,Trim,Bull,0.0
525,2024-02-06,4954.22998046875,0.0,99536.98008650386,-463.01991349614394,0.24737646621368192,Trim,Bull,0.0
526,2024-02-07,4995.06005859375,0.0,99536.98008650386,-463.01991349614394,0.2481523728390667,Trim,Bull,0.0
527,2024-02-08,4997.91015625,0.0,99536.98008650386,-463.01991349614394,0.24892827946445148,Trim,Bull,0.0
528,2024-02-09,5026.60986328125,0.0,99536.98008650386,-463.01991349614394,0.24970418608983624,Trim,Bull,0.0
529,2024-02-12,5021.83984375,0.0,99536.98008650386,-463.01991349614394,0.250480092715221,Strong Sell,Extreme_Bull,0.0
530,2024-02-13,4953.169921875,0.0,99536.98008650386,-463.01991349614394,0.2512559993406058,Strong Sell,Extreme_Bull,0.0
531,2024-02-14,5000.6201171875,0.0,99536.98008650386,-463.01991349614394,0.25203190596599057,Strong Sell,Extreme_Bull,0.0
532,2024-02-15,5029.72998046875,0.0,99536.98008650386,-463.01991349614394,0.2528078125913753,Strong Sell,Extreme_Bull,0.0
533,2024-02-16,5005.56982421875,0.0,99536.98008650386,-463.01991349614394,0.25358371921676,Strong Sell,Extreme_Bull,0.0
534,2024-02-20,4975.509765625,0.0,99536.98008650386,-463.01991349614394,0.25435962584214483,Strong Sell,Extreme_Bull,0.0
535,2024-02-21,4981.7998046875,0.0,99536.98008650386,-463.01991349614394,0.2551355324675296,Strong Sell,Extreme_Bull,0.0
536,2024-02-22,5087.02978515625,0.0,99536.98008650386,-463.01991349614394,0.2559114390929144,Strong Sell,Extreme_Bull,0.0
537,2024-02-23,5088.7998046875,0.0,99536.98008650386,-463.01991349614394,0.25668734571829915,Strong Sell,Extreme_Bull,0.0
538,2024-02-26,5069.52978515625,0.0,99536.98008650386,-463.01991349614394,0.25746325234368395,Strong Sell,Extreme_Bull,0.0
539,2024-02-27,5078.18017578125,0.0,99536.98008650386,-463.01991349614394,0.25823915896906857,Strong Sell,Extreme_Bull,0.0
540,2024-02-28,5069.759765625,0.0,99536.98008650386,-463.01991349614394,0.2590150655944535,Strong Sell,Extreme_Bull,0.0
541,2024-02-29,5096.27001953125,0.0,99536.98008650386,-463.01991349614394,0.25979097221983827,Strong Sell,Extreme_Bull,0.0
542,2024-03-01,5137.080078125,0.0,99536.98008650386,-463.01991349614394,0.2605668788452229,Strong Sell,Extreme_Bull,0.0
543,2024-03-04,5130.9501953125,0.0,99536.98008650386,-463.01991349614394,0.2613427854706078,Strong Sell,Extreme_Bull,0.0
544,2024-03-05,5078.64990234375,0.0,99536.98008650386,-463.01991349614394,0.26211869209599253,Strong Sell,Extreme_Bull,0.0
545,2024-03-06,5104.759765625,0.0,99536.98008650386,-463.01991349614394,0.2628945987213773,Strong Sell,Extreme_Bull,0.0
546,2024-03-07,5157.35986328125,0.0,99536.98008650386,-463.01991349614394,0.2636705053467621,Strong Sell,Extreme_Bull,0.0
547,2024-03-08,5123.68994140625,0.0,99536.98008650386,-463.01991349614394,0.26444641197214686,Strong Sell,Extreme_Bull,0.0
548,2024-03-11,5117.93994140625,0.0,99536.98008650386,-463.01991349614394,0.26522231859753154,Strong Sell,Extreme_Bull,0.0
549,2024-03-12,5175.27001953125,0.0,99536.98008650386,-463.01991349614394,0.2659982252229164,Strong Sell,Extreme_Bull,0.0
550,2024-03-13,5165.31005859375,0.0,99536.98008650386,-463.01991349614394,0.26677413184830107,Strong Sell,Extreme_Bull,0.0
551,2024-03-14,5150.47998046875,0.0,99536.98008650386,-463.01991349614394,0.26755003847368586,Strong Sell,Extreme_Bull,0.0
552,2024-03-15,5117.08984375,0.0,99536.98008650386,-463.01991349614394,0.2683259450990707,Strong Sell,Extreme_Bull,0.0
553,2024-03-18,5149.419921875,0.0,99536.98008650386,-463.01991349614394,0.2691018517244555,Strong Sell,Extreme_Bull,0.0
554,2024-03-19,5178.509765625,0.0,99536.98008650386,-463.01991349614394,0.26987775834984024,Strong Sell,Extreme_Bull,0.0
555,2024-03-20,5224.6201171875,0.0,99536.98008650386,-463.01991349614394,0.27065366497522503,Strong Sell,Extreme_Bull,0.0
556,2024-03-21,5241.52978515625,0.0,99536.98008650386,-463.01991349614394,0.2714295716006097,Strong Sell,Extreme_Bull,0.0
557,2024-03-22,5234.18017578125,0.0,99536.98008650386,-463.01991349614394,0.27220547822599445,Strong Sell,Extreme_Bull,0.0
558,2024-03-25,5218.18994140625,0.0,99536.98008650386,-463.01991349614394,0.27298138485137935,Strong Sell,Extreme_Bull,0.0
559,2024-03-26,5203.580078125,0.0,99536.98008650386,-463.01991349614394,0.273757291476764,Strong Sell,Extreme_Bull,0.0
560,2024-03-27,5248.490234375,0.0,99536.98008650386,-463.01991349614394,0.27453319810214877,Strong Sell,Extreme_Bull,0.0
561,2024-03-28,5254.35009765625,0.0,99536.98008650386,-463.01991349614394,0.27530910472753367,Strong Sell,Extreme_Bull,0.0
562,2024-04-01,5243.77001953125,0.0,99536.98008650386,-463.01991349614394,0.2760850113529184,Strong Sell,Extreme_Bull,0.0
563,2024-04-02,5205.81005859375,0.0,99536.98008650386,-463.01991349614394,0.2768609179783032,Strong Sell,Extreme_Bull,0.0
564,2024-04-03,5211.490234375,0.0,99536.98008650386,-463.01991349614394,0.2776368246036878,Strong Sell,Extreme_Bull,0.0
565,2024-04-04,5147.2099609375,0.0,99536.98008650386,-463.01991349614394,0.2784127312290726,Strong Sell,Extreme_Bull,0.0
566,2024-04-05,5204.33984375,0.0,99536.98008650386,-463.01991349614394,0.27918863785445736,Strong Sell,Extreme_Bull,0.0
567,2024-04-08,5202.39013671875,0.0,99536.98008650386,-463.01991349614394,0.27996454447984226,Strong Sell,Extreme_Bull,0.0
568,2024-04-09,5209.91015625,0.0,99536.98008650386,-463.01991349614394,0.28074045110522694,Strong Sell,Extreme_Bull,0.0
569,2024-04-10,5160.64013671875,0.0,99536.98008650386,-463.01991349614394,0.2815163577306117,Strong Sell,Extreme_Bull,0.0
570,2024-04-11,5199.06005859375,0.0,99536.98008650386,-463.01991349614394,0.28229226435599647,Strong Sell,Extreme_Bull,0.0
571,2024-04-12,5123.41015625,0.0,99536.98008650386,-463.01991349614394,0.2830681709813813,Strong Sell,Extreme_Bull,0.0
572,2024-04-15,5061.81982421875,0.0,99536.98008650386,-463.01991349614394,0.283844077606766,Strong Sell,Extreme_Bull,0.0
573,2024-04-16,5051.41015625,0.0,99536.98008650386,-463.01991349614394,0.2846199842321508,Strong Sell,Extreme_Bull,0.0
574,2024-04-17,5022.2099609375,0.0,99536.98008650386,-463.01991349614394,0.28539589085753553,Strong Sell,Extreme_Bull,0.0
575,2024-04-18,5011.1201171875,0.0,99536.98008650386,-463.01991349614394,0.2861717974829203,Strong Sell,Extreme_Bull,0.0
576,2024-04-19,4967.22998046875,0.0,99536.98008650386,-463.01991349614394,0.28694770410830506,Strong Sell,Extreme_Bull,0.0
577,2024-04-22,5010.60009765625,0.0,99536.98008650386,-463.01991349614394,0.28772361073368985,Strong Sell,Extreme_Bull,0.0
578,2024-04-23,5070.5498046875,0.0,99536.98008650386,-463.01991349614394,0.28849951735907464,Strong Sell,Extreme_Bull,0.0
579,2024-04-24,5071.6298828125,0.0,99536.98008650386,-463.01991349614394,0.2892754239844594,Strong Sell,Extreme_Bull,0.0
580,2024-04-25,5048.419921875,0.0,99536.98008650386,-463.01991349614394,0.2900513306098443,Strong Sell,Extreme_Bull,0.0
581,2024-04-26,5099.9599609375,0.0,99536.98008650386,-463.01991349614394,0.2908272372352289,Strong Sell,Extreme_Bull,0.0
582,2024-04-29,5116.169921875,0.0,99536.98008650386,-463.01991349614394,0.2916031438606137,Strong Sell,Extreme_Bull,0.0
583,2024-04-30,5035.68994140625,0.0,99536.98008650386,-463.01991349614394,0.2923790504859985,Strong Sell,Extreme_Bull,0.0
584,2024-05-01,5018.39013671875,0.0,99536.98008650386,-463.01991349614394,0.29315495711138323,Strong Sell,Extreme_Bull,0.0
585,2024-05-02,5064.2001953125,0.0,99536.98008650386,-463.01991349614394,0.293930863736768,Strong Sell,Extreme_Bull,0.0
586,2024-05-03,5127.7900390625,0.0,99536.98008650386,-463.01991349614394,0.29470677036215276,Strong Sell,Extreme_Bull,0.0
587,2024-05-06,5180.740234375,0.0,99536.98008650386,-463.01991349614394,0.29548267698753755,Strong Sell,Extreme_Bull,0.0
588,2024-05-07,5187.7001953125,0.0,99536.98008650386,-463.01991349614394,0.29625858361292234,Strong Sell,Extreme_Bull,0.0
589,2024-05-08,5187.669921875,0.0,99536.98008650386,-463.01991349614394,0.2970344902383071,Strong Sell,Extreme_Bull,0.0
590,2024-05-09,5214.080078125,0.0,99536.98008650386,-463.01991349614394,0.2978103968636919,Strong Sell,Extreme_Bull,0.0
591,2024-05-10,5222.68017578125,0.0,99536.98008650386,-463.01991349614394,0.2985863034890766,Strong Sell,Extreme_Bull,0.0
592,2024-05-13,5221.419921875,0.0,99536.98008650386,-463.01991349614394,0.2993622101144614,Strong Sell,Extreme_Bull,0.0
593,2024-05-14,5246.68017578125,0.0,99536.98008650386,-463.01991349614394,0.3001381167398462,Strong Sell,Extreme_Bull,0.0
594,2024-05-15,5308.14990234375,0.0,99536.98008650386,-463.01991349614394,0.3009140233652308,Strong Sell,Extreme_Bull,0.0
595,2024-05-16,5297.10009765625,0.0,99536.98008650386,-463.01991349614394,0.3016899299906157,Strong Sell,Extreme_Bull,0.0
596,2024-05-17,5303.27001953125,0.0,99536.98008650386,-463.01991349614394,0.30246583661600046,Strong Sell,Extreme_Bull,0.0
597,2024-05-20,5308.1298828125,0.0,99536.98008650386,-463.01991349614394,0.30324174324138525,Strong Sell,Extreme_Bull,0.0
598,2024-05-21,5321.41015625,0.0,99536.98008650386,-463.01991349614394,0.30401764986677005,Strong Sell,Extreme_Bull,0.0
599,2024-05-22,5307.009765625,0.0,99536.98008650386,-463.01991349614394,0.3047935564921548,Strong Sell,Extreme_Bull,0.0
600,2024-05-23,5267.83984375,0.0,99536.98008650386,-463.01991349614394,0.3055694631175396,Strong Sell,Extreme_Bull,0.0
601,2024-05-24,5304.72021484375,0.0,99536.98008650386,-463.01991349614394,0.3063453697429243,Strong Sell,Extreme_Bull,0.0
602,2024-05-28,5306.0400390625,0.0,99536.98008650386,-463.01991349614394,0.3071212763683091,Strong Sell,Extreme_Bull,0.0
603,2024-05-29,5266.9501953125,0.0,99536.98008650386,-463.01991349614394,0.30789718299369373,Strong Sell,Extreme_Bull,0.0
604,2024-05-30,5235.47998046875,0.0,99536.98008650386,-463.01991349614394,0.30867308961907863,Strong Sell,Extreme_Bull,0.0
605,2024-05-31,5277.509765625,0.0,99536.98008650386,-463.01991349614394,0.3094489962444634,Strong Sell,Extreme_Bull,0.0
606,2024-06-03,5283.39990234375,0.0,99536.98008650386,-463.01991349614394,0.31022490286984816,Strong Sell,Extreme_Bull,0.0
607,2024-06-04,5291.33984375,0.0,99536.98008650386,-463.01991349614394,0.31100080949523295,Strong Sell,Extreme_Bull,0.0
608,2024-06-05,5354.02978515625,0.0,99536.98008650386,-463.01991349614394,0.3117767161206177,Strong Sell,Extreme_Bull,0.0
609,2024-06-06,5352.9599609375,0.0,99536.98008650386,-463.01991349614394,0.3125526227460024,Strong Sell,Extreme_Bull,0.0
610,2024-06-07,5346.990234375,0.0,99536.98008650386,-463.01991349614394,0.3133285293713873,Strong Sell,Extreme_Bull,0.0
611,2024-06-10,5360.7900390625,0.0,99536.98008650386,-463.01991349614394,0.314104435996772,Strong Sell,Extreme_Bull,0.0
612,2024-06-11,5375.31982421875,0.0,99536.98008650386,-463.01991349614394,0.3148803426221567,Strong Sell,Extreme_Bull,0.0
613,2024-06-12,5421.02978515625,0.0,99536.98008650386,-463.01991349614394,0.31565624924754154,Strong Sell,Extreme_Bull,0.0
614,2024-06-13,5433.740234375,0.0,99536.98008650386,-463.01991349614394,0.31643215587292634,Strong Sell,Extreme_Bull,0.0
615,2024-06-14,5431.60009765625,0.0,99536.98008650386,-463.01991349614394,0.3172080624983111,Strong Sell,Extreme_Bull,0.0
616,2024-06-17,5473.22998046875,0.0,99536.98008650386,-463.01991349614394,0.31798396912369586,Strong Sell,Extreme_Bull,0.0
617,2024-06-18,5487.02978515625,0.0,99536.98008650386,-463.01991349614394,0.31875987574908066,Strong Sell,Extreme_Bull,0.0
618,2024-06-20,5473.169921875,0.0,99536.98008650386,-463.01991349614394,0.3195357823744653,Strong Sell,Extreme_Bull,0.0
619,2024-06-21,5464.6201171875,0.0,99536.98008650386,-463.01991349614394,0.3203116889998502,Strong Sell,Extreme_Bull,0.0
620,2024-06-24,5447.8701171875,0.0,99536.98008650386,-463.01991349614394,0.321087595625235,Strong Sell,Extreme_Bull,0.0
621,2024-06-25,5469.2998046875,0.0,99536.98008650386,-463.01991349614394,0.3218635022506196,Strong Sell,Extreme_Bull,0.0
622,2024-06-26,5477.89990234375,0.0,99536.98008650386,-463.01991349614394,0.3226394088760045,Strong Sell,Extreme_Bull,0.0
623,2024-06-27,5482.8701171875,0.0,99536.98008650386,-463.01991349614394,0.32341531550138924,Strong Sell,Extreme_Bull,0.0
624,2024-06-28,5460.47998046875,0.0,99536.98008650386,-463.01991349614394,0.32419122212677404,Strong Sell,Extreme_Bull,0.0
625,2024-07-01,5475.08984375,0.0,99536.98008650386,-463.01991349614394,0.32496712875215883,Strong Sell,Extreme_Bull,0.0
626,2024-07-02,5509.009765625,0.0,99536.98008650386,-463.01991349614394,0.32574303537754346,Strong Sell,Extreme_Bull,0.0
627,2024-07-03,5537.02001953125,0.0,99536.98008650386,-463.01991349614394,0.32651894200292825,Strong Sell,Extreme_Bull,0.0
628,2024-07-05,5567.18994140625,0.0,99536.98008650386,-463.01991349614394,0.3272948486283131,Strong Sell,Extreme_Bull,0.0
629,2024-07-08,5572.85009765625,0.0,99536.98008650386,-463.01991349614394,0.3280707552536978,Strong Sell,Extreme_Bull,0.0
630,2024-07-09,5576.97998046875,0.0,99536.98008650386,-463.01991349614394,0.32884666187908257,Strong Sell,Extreme_Bull,0.0
631,2024-07-10,5633.91015625,0.0,99536.98008650386,-463.01991349614394,0.3296225685044674,Strong Sell,Extreme_Bull,0.0
632,2024-07-11,5584.5400390625,0.0,99536.98008650386,-463.01991349614394,0.3303984751298522,Strong Sell,Extreme_Bull,0.0
633,2024-07-12,5615.35009765625,0.0,99536.98008650386,-463.01991349614394,0.33117438175523695,Strong Sell,Extreme_Bull,0.0
634,2024-07-15,5631.22021484375,0.0,99536.98008650386,-463.01991349614394,0.3319502883806216,Strong Sell,Extreme_Bull,0.0
635,2024-07-16,5667.2001953125,0.0,99536.98008650386,-463.01991349614394,0.3327261950060065,Strong Sell,Extreme_Bull,0.0
636,2024-07-17,5588.27001953125,0.0,99536.98008650386,-463.01991349614394,0.33350210163139127,Strong Sell,Extreme_Bull,0.0
637,2024-07-18,5544.58984375,0.0,99536.98008650386,-463.01991349614394,0.33427800825677606,Strong Sell,Extreme_Bull,0.0
638,2024-07-19,5505.0,0.0,99536.98008650386,-463.01991349614394,0.3350539148821607,Strong Sell,Extreme_Bull,0.0
639,2024-07-22,5564.41015625,0.0,99536.98008650386,-463.01991349614394,0.3358298215075455,Strong Sell,Extreme_Bull,0.0
640,2024-07-23,5555.740234375,0.0,99536.98008650386,-463.01991349614394,0.3366057281329303,Strong Sell,Extreme_Bull,0.0
641,2024-07-24,5427.1298828125,0.0,99536.98008650386,-463.01991349614394,0.3373816347583151,Strong Sell,Extreme_Bull,0.0
642,2024-07-25,5399.22021484375,0.0,99536.98008650386,-463.01991349614394,0.3381575413836999,Strong Sell,Extreme_Bull,0.0
643,2024-07-26,5459.10009765625,0.0,99536.98008650386,-463.01991349614394,0.33893344800908465,Strong Sell,Extreme_Bull,0.0
644,2024-07-29,5463.5400390625,0.0,99536.98008650386,-463.01991349614394,0.33970935463446944,Strong Sell,Extreme_Bull,0.0
645,2024-07-30,5436.43994140625,0.0,99536.98008650386,-463.01991349614394,0.34048526125985407,Strong Sell,Extreme_Bull,0.0
646,2024-07-31,5522.2998046875,0.0,99536.98008650386,-463.01991349614394,0.34126116788523897,Strong Sell,Extreme_Bull,0.0
647,2024-08-01,5446.68017578125,0.0,99536.98008650386,-463.01991349614394,0.34203707451062365,Strong Sell,Extreme_Bull,0.0
648,2024-08-02,5346.56005859375,0.0,99536.98008650386,-463.01991349614394,0.3428129811360084,Strong Sell,Extreme_Bull,0.0
649,2024-08-05,5186.330078125,0.0,99536.98008650386,-463.01991349614394,0.3435888877613933,Strong Sell,Extreme_Bull,0.0
650,2024-08-06,5240.02978515625,0.0,99536.98008650386,-463.01991349614394,0.34436479438677803,Strong Sell,Extreme_Bull,0.0
651,2024-08-07,5199.5,0.0,99536.98008650386,-463.01991349614394,0.3451407010121627,Strong Sell,Extreme_Bull,0.0
652,2024-08-08,5319.31005859375,0.0,99536.98008650386,-463.01991349614394,0.3459166076375476,Strong Sell,Extreme_Bull,0.0
653,2024-08-09,5344.16015625,0.0,99536.98008650386,-463.01991349614394,0.34669251426293235,Strong Sell,Extreme_Bull,0.0
654,2024-08-12,5344.39013671875,0.0,99536.98008650386,-463.01991349614394,0.34746842088831703,Strong Sell,Extreme_Bull,0.0
655,2024-08-13,5434.43017578125,0.0,99536.98008650386,-463.01991349614394,0.34824432751370177,Strong Sell,Extreme_Bull,0.0
656,2024-08-14,5455.2099609375,0.0,99536.98008650386,-463.01991349614394,0.34902023413908656,Strong Sell,Extreme_Bull,0.0
657,2024-08-15,5543.22021484375,0.0,99536.98008650386,-463.01991349614394,0.34979614076447135,Strong Sell,Extreme_Bull,0.0
658,2024-08-16,5554.25,0.0,99536.98008650386,-463.01991349614394,0.3505720473898562,Strong Sell,Extreme_Bull,0.0
659,2024-08-19,5608.25,0.0,99536.98008650386,-463.01991349614394,0.351347954015241,Strong Sell,Extreme_Bull,0.0
660,2024-08-20,5597.1201171875,0.0,99536.98008650386,-463.01991349614394,0.3521238606406256,Strong Sell,Extreme_Bull,0.0
661,2024-08-21,5620.85009765625,0.0,99536.98008650386,-463.01991349614394,0.3528997672660105,Strong Sell,Extreme_Bull,0.0
662,2024-08-22,5570.64013671875,0.0,99536.98008650386,-463.01991349614394,0.3536756738913952,Strong Sell,Extreme_Bull,0.0
663,2024-08-23,5634.60986328125,0.0,99536.98008650386,-463.01991349614394,0.35445158051677994,Strong Sell,Extreme_Bull,0.0
664,2024-08-26,5616.83984375,0.0,99536.98008650386,-463.01991349614394,0.35522748714216473,Strong Sell,Extreme_Bull,0.0
665,2024-08-27,5625.7998046875,0.0,99536.98008650386,-463.01991349614394,0.35600339376754947,Strong Sell,Extreme_Bull,0.0
666,2024-08-28,5592.18017578125,0.0,99536.98008650386,-463.01991349614394,0.35677930039293426,Strong Sell,Extreme_Bull,0.0
667,2024-08-29,5591.9599609375,0.0,99536.98008650386,-463.01991349614394,0.3575552070183191,Strong Sell,Extreme_Bull,0.0
668,2024-08-30,5648.39990234375,0.0,99536.98008650386,-463.01991349614394,0.3583311136437039,Strong Sell,Extreme_Bull,0.0
669,2024-09-03,5528.93017578125,0.0,99536.98008650386,-463.01991349614394,0.3591070202690886,Strong Sell,Extreme_Bull,0.0
670,2024-09-04,5520.06982421875,0.0,99536.98008650386,-463.01991349614394,0.3598829268944733,Strong Sell,Extreme_Bull,0.0
671,2024-09-05,5503.41015625,0.0,99536.98008650386,-463.01991349614394,0.3606588335198581,Strong Sell,Extreme_Bull,0.0
672,2024-09-06,5408.419921875,0.0,99536.98008650386,-463.01991349614394,0.36143474014524285,Strong Sell,Extreme_Bull,0.0
673,2024-09-09,5471.0498046875,0.0,99536.98008650386,-463.01991349614394,0.36221064677062764,Strong Sell,Extreme_Bull,0.0
674,2024-09-10,5495.52001953125,0.0,99536.98008650386,-463.01991349614394,0.36298655339601243,Strong Sell,Extreme_Bull,0.0
675,2024-09-11,5554.1298828125,0.0,99536.98008650386,-463.01991349614394,0.36376246002139717,Strong Sell,Extreme_Bull,0.0
676,2024-09-12,5595.759765625,0.0,99536.98008650386,-463.01991349614394,0.3645383666467821,Strong Sell,Extreme_Bull,0.0
677,2024-09-13,5626.02001953125,0.0,99536.98008650386,-463.01991349614394,0.3653142732721667,Strong Sell,Extreme_Bull,0.0
678,2024-09-16,5633.08984375,0.0,99536.98008650386,-463.01991349614394,0.3660901798975515,Strong Sell,Extreme_Bull,0.0
679,2024-09-17,5634.580078125,0.0,99536.98008650386,-463.01991349614394,0.3668660865229363,Strong Sell,Extreme_Bull,0.0
680,2024-09-18,5618.259765625,0.0,99536.98008650386,-463.01991349614394,0.367641993148321,Strong Sell,Extreme_Bull,0.0
681,2024-09-19,5713.64013671875,0.0,99536.98008650386,-463.01991349614394,0.3684178997737058,Strong Sell,Extreme_Bull,0.0
682,2024-09-20,5702.5498046875,0.0,99536.98008650386,-463.01991349614394,0.36919380639909055,Strong Sell,Extreme_Bull,0.0
683,2024-09-23,5718.56982421875,0.0,99536.98008650386,-463.01991349614394,0.36996971302447534,Strong Sell,Extreme_Bull,0.0
684,2024-09-24,5732.93017578125,0.0,99536.98008650386,-463.01991349614394,0.37074561964986014,Strong Sell,Extreme_Bull,0.0
685,2024-09-25,5722.259765625,0.0,99536.98008650386,-463.01991349614394,0.371521526275245,Strong Sell,Extreme_Bull,0.0
686,2024-09-26,5745.3701171875,0.0,99536.98008650386,-463.01991349614394,0.37229743290062967,Strong Sell,Extreme_Bull,0.0
687,2024-09-27,5738.169921875,0.0,99536.98008650386,-463.01991349614394,0.3730733395260144,Strong Sell,Extreme_Bull,0.0
688,2024-09-30,5762.47998046875,0.0,99536.98008650386,-463.01991349614394,0.3738492461513992,Strong Sell,Extreme_Bull,0.0
689,2024-10-01,5708.75,0.0,99536.98008650386,-463.01991349614394,0.374625152776784,Strong Sell,Extreme_Bull,0.0
690,2024-10-02,5709.5400390625,0.0,99536.98008650386,-463.01991349614394,0.3754010594021687,Strong Sell,Extreme_Bull,0.0
691,2024-10-03,5699.93994140625,0.0,99536.98008650386,-463.01991349614394,0.3761769660275535,Strong Sell,Extreme_Bull,0.0
692,2024-10-04,5751.06982421875,0.0,99536.98008650386,-463.01991349614394,0.37695287265293825,Strong Sell,Extreme_Bull,0.0
693,2024-10-07,5695.93994140625,0.0,99536.98008650386,-463.01991349614394,0.37772877927832305,Strong Sell,Extreme_Bull,0.0
694,2024-10-08,5751.1298828125,0.0,99536.98008650386,-463.01991349614394,0.3785046859037079,Strong Sell,Extreme_Bull,0.0
695,2024-10-09,5792.0400390625,0.0,99536.98008650386,-463.01991349614394,0.3792805925290926,Strong Sell,Extreme_Bull,0.0
696,2024-10-10,5780.0498046875,0.0,99536.98008650386,-463.01991349614394,0.38005649915447737,Strong Sell,Extreme_Bull,0.0
697,2024-10-11,5815.02978515625,0.0,99536.98008650386,-463.01991349614394,0.3808324057798621,Strong Sell,Extreme_Bull,0.0
698,2024-10-14,5859.85009765625,0.0,99536.98008650386,-463.01991349614394,0.3816083124052469,Strong Sell,Extreme_Bull,0.0
699,2024-10-15,5815.259765625,0.0,99536.98008650386,-463.01991349614394,0.3823842190306317,Strong Sell,Extreme_Bull,0.0
700,2024-10-16,5842.47021484375,0.0,99536.98008650386,-463.01991349614394,0.3831601256560164,Strong Sell,Extreme_Bull,0.0
701,2024-10-17,5841.47021484375,0.0,99536.98008650386,-463.01991349614394,0.3839360322814012,Strong Sell,Extreme_Bull,0.0
702,2024-10-18,5864.669921875,0.0,99536.98008650386,-463.01991349614394,0.38471193890678596,Strong Sell,Extreme_Bull,0.0
703,2024-10-21,5853.97998046875,0.0,99536.98008650386,-463.01991349614394,0.38548784553217075,Strong Sell,Extreme_Bull,0.0
704,2024-10-22,5851.2001953125,0.0,99536.98008650386,-463.01991349614394,0.3862637521575555,Strong Sell,Extreme_Bull,0.0
705,2024-10-23,5797.419921875,0.0,99536.98008650386,-463.01991349614394,0.3870396587829403,Strong Sell,Extreme_Bull,0.0
706,2024-10-24,5809.85986328125,0.0,99536.98008650386,-463.01991349614394,0.38781556540832507,Strong Sell,Extreme_Bull,0.0
707,2024-10-25,5808.1201171875,0.0,99536.98008650386,-463.01991349614394,0.3885914720337098,Strong Sell,Extreme_Bull,0.0
708,2024-10-28,5823.52001953125,0.0,99536.98008650386,-463.01991349614394,0.3893673786590945,Strong Sell,Extreme_Bull,0.0
709,2024-10-29,5832.919921875,0.0,99536.98008650386,-463.01991349614394,0.39014328528447934,Strong Sell,Extreme_Bull,0.0
710,2024-10-30,5813.669921875,0.0,99536.98008650386,-463.01991349614394,0.3909191919098641,Strong Sell,Extreme_Bull,0.0
711,2024-10-31,5705.4501953125,0.0,99536.98008650386,-463.01991349614394,0.3916950985352489,Strong Sell,Extreme_Bull,0.0
712,2024-11-01,5728.7998046875,0.0,99536.98008650386,-463.01991349614394,0.39247100516063366,Strong Sell,Extreme_Bull,0.0
713,2024-11-04,5712.68994140625,0.0,99536.98008650386,-463.01991349614394,0.39324691178601845,Strong Sell,Extreme_Bull,0.0
714,2024-11-05,5782.759765625,0.0,99536.98008650386,-463.01991349614394,0.3940228184114032,Strong Sell,Extreme_Bull,0.0
715,2024-11-06,5929.0400390625,0.0,99536.98008650386,-463.01991349614394,0.394798725036788,Strong Sell,Extreme_Bull,0.0
716,2024-11-07,5973.10009765625,0.0,99536.98008650386,-463.01991349614394,0.39557463166217277,Strong Sell,Extreme_Bull,0.0
717,2024-11-08,5995.5400390625,0.0,99536.98008650386,-463.01991349614394,0.3963505382875574,Strong Sell,Extreme_Bull,0.0
718,2024-11-11,6001.35009765625,0.0,99536.98008650386,-463.01991349614394,0.3971264449129423,Strong Sell,Extreme_Bull,0.0
719,2024-11-12,5983.990234375,0.0,99536.98008650386,-463.01991349614394,0.39790235153832704,Strong Sell,Extreme_Bull,0.0
720,2024-11-13,5985.3798828125,0.0,99536.98008650386,-463.01991349614394,0.39867825816371183,Strong Sell,Extreme_Bull,0.0
721,2024-11-14,5949.169921875,0.0,99536.98008650386,-463.01991349614394,0.3994541647890966,Strong Sell,Extreme_Bull,0.0
722,2024-11-15,5870.6201171875,0.0,99536.98008650386,-463.01991349614394,0.40023007141448136,Strong Sell,Extreme_Bull,0.0
723,2024-11-18,5893.6201171875,0.0,99536.98008650386,-463.01991349614394,0.40100597803986615,Strong Sell,Extreme_Bull,0.0
724,2024-11-19,5916.97998046875,0.0,99536.98008650386,-463.01991349614394,0.4017818846652509,Strong Sell,Extreme_Bull,0.0
725,2024-11-20,5917.10986328125,0.0,99536.98008650386,-463.01991349614394,0.4025577912906357,Strong Sell,Extreme_Bull,0.0
726,2024-11-21,5948.7099609375,0.0,99536.98008650386,-463.01991349614394,0.40333369791602036,Strong Sell,Extreme_Bull,0.0
727,2024-11-22,5969.33984375,0.0,99536.98008650386,-463.01991349614394,0.4041096045414052,Strong Sell,Extreme_Bull,0.0
728,2024-11-25,5987.3701171875,0.0,99536.98008650386,-463.01991349614394,0.40488551116679,Strong Sell,Extreme_Bull,0.0
729,2024-11-26,6021.6298828125,0.0,99536.98008650386,-463.01991349614394,0.40566141779217474,Strong Sell,Extreme_Bull,0.0
730,2024-11-27,5998.740234375,0.0,99536.98008650386,-463.01991349614394,0.40643732441755953,Strong Sell,Extreme_Bull,0.0
731,2024-11-29,6032.3798828125,0.0,99536.98008650386,-463.01991349614394,0.40721323104294427,Strong Sell,Extreme_Bull,0.0
732,2024-12-02,6047.14990234375,0.0,99536.98008650386,-463.01991349614394,0.40798913766832895,Strong Sell,Extreme_Bull,0.0
733,2024-12-03,6049.8798828125,0.0,99536.98008650386,-463.01991349614394,0.40876504429371385,Strong Sell,Extreme_Bull,0.0
734,2024-12-04,6086.490234375,0.0,99536.98008650386,-463.01991349614394,0.4095409509190985,Strong Sell,Extreme_Bull,0.0
735,2024-12-05,6075.10986328125,0.0,99536.98008650386,-463.01991349614394,0.41031685754448327,Strong Sell,Extreme_Bull,0.0
736,2024-12-06,6090.27001953125,0.0,99536.98008650386,-463.01991349614394,0.4110927641698681,Strong Sell,Extreme_Bull,0.0
737,2024-12-09,6052.85009765625,0.0,99536.98008650386,-463.01991349614394,0.4118686707952529,Strong Sell,Extreme_Bull,0.0
738,2024-12-10,6034.91015625,0.0,99536.98008650386,-463.01991349614394,0.4126445774206377,Strong Sell,Extreme_Bull,0.0
739,2024-12-11,6084.18994140625,0.0,99536.98008650386,-463.01991349614394,0.41342048404602244,Strong Sell,Extreme_Bull,0.0
740,2024-12-12,6051.25,0.0,99536.98008650386,-463.01991349614394,0.4141963906714071,Strong Sell,Extreme_Bull,0.0
741,2024-12-13,6051.08984375,0.0,99536.98008650386,-463.01991349614394,0.41497229729679186,Strong Sell,Extreme_Bull,0.0
742,2024-12-16,6074.080078125,0.0,99536.98008650386,-463.01991349614394,0.41574820392217676,Strong Sell,Extreme_Bull,0.0
743,2024-12-17,6050.60986328125,0.0,99536.98008650386,-463.01991349614394,0.41652411054756144,Strong Sell,Extreme_Bull,0.0
744,2024-12-18,5872.16015625,0.0,99536.98008650386,-463.01991349614394,0.4173000171729462,Strong Sell,Extreme_Bull,0.0
745,2024-12-19,5867.080078125,0.0,99536.98008650386,-463.01991349614394,0.4180759237983311,Strong Sell,Extreme_Bull,0.0
746,2024-12-20,5930.85009765625,0.0,99536.98008650386,-463.01991349614394,0.4188518304237158,Strong Sell,Extreme_Bull,0.0
747,2024-12-23,5974.06982421875,0.0,99536.98008650386,-463.01991349614394,0.4196277370491006,Strong Sell,Extreme_Bull,0.0
748,2024-12-24,6040.0400390625,0.0,99536.98008650386,-463.01991349614394,0.4204036436744854,Strong Sell,Extreme_Bull,0.0
749,2024-12-26,6037.58984375,0.0,99536.98008650386,-463.01991349614394,0.42117955029987003,Strong Sell,Extreme_Bull,0.0
750,2024-12-27,5970.83984375,0.0,99536.98008650386,-463.01991349614394,0.4219554569252548,Strong Sell,Extreme_Bull,0.0
751,2024-12-30,5906.93994140625,0.0,99536.98008650386,-463.01991349614394,0.42273136355063967,Strong Sell,Extreme_Bull,0.0
752,2024-12-31,5881.6298828125,0.0,99536.98008650386,-463.01991349614394,0.42350727017602435,Strong Sell,Extreme_Bull,0.0
753,2025-01-02,5868.5498046875,0.0,99536.98008650386,-463.01991349614394,0.42428317680140915,Strong Sell,Extreme_Bull,0.0
754,2025-01-03,5942.47021484375,0.0,99536.98008650386,-463.01991349614394,0.425059083426794,Strong Sell,Extreme_Bull,0.0
755,2025-01-06,5975.3798828125,0.0,99536.98008650386,-463.01991349614394,0.4258349900521788,Strong Sell,Extreme_Bull,0.0
756,2025-01-07,5909.02978515625,0.0,99536.98008650386,-463.01991349614394,0.4266108966775634,Strong Sell,Extreme_Bull,0.0
757,2025-01-08,5918.25,0.0,99536.98008650386,-463.01991349614394,0.4273868033029482,Strong Sell,Extreme_Bull,0.0
